name,power,gender,description,in_endgame,movies_in,strength,intelligence,agility
Hulk,superhuman strength anger durabl heal factor,Male,white magazin teacher base test hulk save day,True,4,95,34,48
Captain America,peak human abil vibranium shield,Male,face charg leg behavior respons captain america save day,True,6,76,87,84
Captain America,indomit expert tactician shield throw,Male,sourc central natur sit beauti behind captain america save day,True,6,81,76,73
Captain America,went past leader ship qualiti worthi among aveng lift thor hammer,Male,method produc point walk focu plant wide save question machin school captain america save day,True,9,83,74,76
Hulk,superhuman strength anger durabl heal factor,Male,film media food accept rate game right pattern ahead compar hulk save day,True,3,98,38,61
Captain America,enhanc strength endur martial art expert,Male,million research buy send whole today captain america save day,True,7,78,82,67
Captain America,pound snap steel chain,Male,explain thing lead red republican father parti special captain america save day,True,5,80,97,87
Hulk,invulner skin resist nuclear blast artilleri shell extrem temperatur,Male,gener group goal product easi possibl travel assum figur front hulk save day,True,4,97,26,40
Black Widow,widow bite wrist gauntlet deliv electr blast tear ga,Female,attack newspap decad concern industri enjoy point black widow save day,True,6,46,78,93
Spiderman,adher surfac via static silk format,Male,hundr crime network avail mean share spiderman save day,True,1,53,79,94
Black Widow,heal recov deep wound fractur trauma much faster normal human,Female,goal rest fund resourc skill everyth sever field hour black widow save day,True,5,60,87,89
Spiderman,adher surfac via static silk format,Male,pm per question return process stuff pick tough posit final spiderman save day,True,4,60,83,92
Captain America,enhanc reflex see object slow motion dodg bullet,Male,debat must voic build degre ground commun first home learn spring practic hard attack captain america save day,True,9,87,71,76
Black Widow,expert marksman flawless accuraci firearm throw knive rang weapon,Female,yeah law enjoy key seat pretti method front control game sign lead black widow save day,True,4,41,83,96
Black Widow,biochem enhanc longev red room serum slow age boost immun system,Female,wife argu note easi eight school readi practic black widow save day,True,7,51,81,84
Black Widow,multilingu fluent dozen languag global undercov oper,Female,red pictur thank account instead friend possibl beyond tree fill level control black widow save day,True,4,62,86,91
Ironman,advanc durabl shell made alloy resist missil energi attack,Male,power someon receiv around wall citi inde opportun soon question consid ironman save day,True,10,80,99,55
Black Widow,heal recov deep wound fractur trauma much faster normal human,Female,decid abl discuss describ upon past centuri littl back wide case southern intern black widow save day,True,5,46,95,98
Captain America,master tactician combat strategi battlefield analysi leadership,Male,point often billion learn blood execut captain america save day,True,7,74,86,77
Ironman,power armor suit repulsor flight,Male,onto togeth back edg win develop imag stage gener societi thought accord ironman save day,True,10,73,98,62
Hulk,environment adapt surviv indefinit vacuum space deep ocean pressur,Male,messag member includ let result spend green hulk save day,True,5,98,33,55
Spiderman,intellect web shooter,Male,spend purpos south travel blood benefit chanc court money spring environ howev health imag spiderman save day,True,5,49,81,94
Ironman,geniu engin energi weapon missil launcher,Male,strong back democrat mind big discuss histori cover ironman save day,True,9,78,95,50
Hulk,superhuman strength anger durabl heal factor,Male,decis three troubl place short imag almost term statement wait hulk save day,True,4,99,34,48
Ironman,advanc durabl shell made alloy resist missil energi attack,Male,pattern kind describ caus role goal invest social easi popular easi ironman save day,True,8,76,95,68
Ironman,nanotechnolog suit super strength flight,Male,speak line group citi easi drop ironman save day,True,7,77,99,64
Spiderman,superhuman agil lift car punch wall strength cling wall,Male,larg north play person ten physic charact attent kind field ever argu medic financi later spiderman save day,True,4,64,67,94
Black Widow,peak human condit espionag wrist stinger,Female,offer brother shake guess pull tough instead hour black widow save day,True,5,61,87,93
Black Widow,heal recov deep wound fractur trauma much faster normal human,Female,agreement mention two though whole wall cup win sell candid four whether wife final soon black widow save day,True,4,52,85,92
Black Widow,peak human condit espionag wrist stinger,Female,accept vote area impact posit caus lead ever stand dark product eight strategi black widow save day,True,6,64,87,90
Ironman,ai assist tactic analysi hack via system like jarvi friday,Male,newspap special gener go quickli paper offic practic mr without expect foot member simpl ironman save day,True,9,72,100,77
Spiderman,superhuman agil lift car punch wall strength cling wall,Male,order medic meet major none littl admit former bodi indic film spiderman save day,True,4,56,77,93
Captain America,peak human abil vibranium shield,Male,feder noth allow caus ye noth sometim trial hospit high captain america save day,True,6,89,77,79
Hulk,superhuman strength anger durabl heal factor,Male,continu goal suffer walk girl civil may rock hulk save day,True,4,96,38,41
Ironman,ai assist tactic analysi hack via system like jarvi friday,Male,respons actual tv pretti stori life polic guess sea three state around pay ironman save day,True,9,66,100,61
Spiderman,superhuman agil lift car punch wall strength cling wall,Male,near box simpl statement happen state among rest nation wrong bill stop seem spiderman save day,True,5,49,67,99
Captain America,immun fatigu metabol prevent lactic acid buildup allow endless fight,Male,local camera act messag choic call save appli rise window religi eat captain america save day,True,7,83,90,89
Hulk,superhuman strength anger durabl heal factor,Male,floor includ food heart still build dark sell hulk save day,True,5,98,40,42
Black Widow,widow bite wrist gauntlet deliv electr blast tear ga,Female,lot husband alway upon doctor variou blue intern especi offic black widow save day,True,7,49,81,96
Spiderman,great power come great respons leap extrem distanc flip effortlessli,Male,matter manag ball alway focu economi structur offer spiderman save day,True,1,61,70,98
Ironman,advanc durabl shell made alloy resist missil energi attack,Male,gun choic prepar effect talk interest hand everi quit sens includ six lot ironman save day,True,10,75,98,54
Spiderman,superhuman agil lift car punch wall strength cling wall,Male,main project anim hous account feel deep case eight foreign account section compar region spiderman save day,True,3,61,77,100
Ironman,geniu engin energi weapon missil launcher,Male,expect attorney cover magazin foreign process realli charg ironman save day,True,9,55,98,71
Black Widow,elit spi tactician master psycholog manipul interrog stealth hack,Female,properti garden mind half polit call black widow save day,True,7,59,87,93
Ironman,nanotechnolog suit super strength flight,Male,alway other similar person success feel nearli ironman save day,True,8,74,98,75
Ironman,nanotechnolog suit super strength flight,Male,avoid rich toward popular lead enough anyon spend system growth qualiti intern break ironman save day,True,8,87,97,66
Black Widow,elit spi tactician master psycholog manipul interrog stealth hack,Female,outsid rule watch foot econom notic line black widow save day,True,5,57,89,91
Captain America,enhanc reflex see object slow motion dodg bullet,Male,law foreign court bill organ attack smile captain america save day,True,9,91,72,84
Hulk,invulner skin resist nuclear blast artilleri shell extrem temperatur,Male,son televis garden base certain valu child mani year hulk save day,True,4,99,56,65
Black Widow,widow bite wrist gauntlet deliv electr blast tear ga,Female,produc structur summer kitchen admit across alreadi grow point news impact often bag today necessari black widow save day,True,6,54,82,90
Hulk,thunderclap slam hand togeth creat shockwav deafen foe blow away target,Male,small present recent thought sit identifi cultur feel alreadi free rise scienc call yeah exist behavior hulk save day,True,2,96,51,38
Black Widow,biochem enhanc longev red room serum slow age boost immun system,Female,find could realli mr former articl light black widow save day,False,4,57,91,83
Ironman,ai assist tactic analysi hack via system like jarvi friday,Male,song differ part wall requir rememb everi time surfac learn design minut perhap account ironman save day,True,8,77,99,52
Hulk,thunderclap slam hand togeth creat shockwav deafen foe blow away target,Male,attack loss final laugh full help strong street car catch pm hulk save day,True,5,98,46,55
Spiderman,adher surfac via static silk format,Male,data plant enough major town suffer begin interest everybodi side pm spiderman save day,True,3,57,72,89
Spiderman,regen heal recov broken bone injuri rapidli enhanc durabl,Male,tonight coupl job mind southern rather vote say cultur issu tv spiderman save day,True,6,52,84,89
Captain America,peak human abil vibranium shield,Male,relationship sell scienc treatment across feder state situat captain america save day,True,7,83,86,94
Spiderman,great power come great respons leap extrem distanc flip effortlessli,Male,seven medic blood person success medic current hear claim well spiderman save day,True,6,61,74,93
Ironman,nanotechnolog suit super strength flight,Male,forc network account custom fight perform less option manag signific ironman save day,True,9,86,99,62
Black Widow,elit spi tactician master psycholog manipul interrog stealth hack,Female,avoid offer tabl use matter human arm recent black widow save day,True,4,55,74,95
Ironman,ai assist tactic analysi hack via system like jarvi friday,Male,score night six sometim explain professor unit hold ironman save day,True,7,78,96,63
Spiderman,,Male,husband avail pictur approach chanc none fight ye spiderman save day,True,3,58,71,95
Hulk,environment adapt surviv indefinit vacuum space deep ocean pressur,Male,short congress turn east marriag behind forget expect wonder busi health upon black food ahead hulk save day,True,4,98,49,49
Ironman,nanotechnolog suit super strength flight,Male,polit qualiti attent none particular clearli goal defens secur ironman save day,True,10,61,99,63
Captain America,pound snap steel chain,Male,instead crime custom train size game properti captain america save day,True,7,86,82,72
Captain America,indomit expert tactician shield throw,Male,larg collect us shake tough compani happen card govern anyth mani color wide full quickli stori captain america save day,True,6,84,78,75
Captain America,enhanc strength endur martial art expert,Male,crime centuri mind occur task measur campaign someon feel pull natur collect land break product captain america save day,True,7,89,74,89
Black Widow,peak human condit espionag wrist stinger,Female,face claim hear includ need eat add suddenli sens money black widow save day,True,6,45,82,92
Spiderman,,Male,respons servic along attent piec tv young section better plant kitchen realli tough spiderman save day,True,5,65,86,90
Hulk,superhuman strength anger durabl heal factor,Male,store process law western order accept wide prevent week foot rule whatev notic hulk save day,True,4,98,31,75
Spiderman,,Male,behavior provid meet adult final week game court choic fast small medic music spiderman save day,True,6,45,66,86
Hulk,thunderclap slam hand togeth creat shockwav deafen foe blow away target,Male,even inform treatment green face morn view hulk save day,True,5,98,39,45
Hulk,environment adapt surviv indefinit vacuum space deep ocean pressur,Male,live top pull includ time reflect sever mr skin power back stori public public good hulk save day,True,3,95,24,63
Captain America,immun fatigu metabol prevent lactic acid buildup allow endless fight,Male,colleg fast attent offic govern author repres leav worri without shake kind captain america save day,False,8,83,82,76
Ironman,ai assist tactic analysi hack via system like jarvi friday,Male,record secur feder reduc team republican plan cut person fact gener public wonder practic ironman save day,True,9,77,99,67
Ironman,repulsor blast cyberpath interfac unibeam devast concentr energi blast emit chest reactor,Male,respons blue increas unit studi open sign late probabl ironman save day,True,8,90,99,62
Captain America,enhanc strength endur martial art expert,Male,especi decid secur recogn accord collect man best similar captain america save day,True,8,91,83,73
Spiderman,superhuman agil lift car punch wall strength cling wall,Male,task accept goal send tabl spiderman save day,True,7,63,66,97
Hulk,gamma radiat empow massiv leap anger,Male,play woman remain event product focu decis foreign trial card two hulk save day,True,4,98,22,54
Ironman,power armor suit repulsor flight,Male,anim summer group face rate paper exampl unit high state air choos detail section someon ironman save day,True,10,89,96,54
Captain America,indomit expert tactician shield throw,Male,televis receiv accept languag fire alway offer present captain america save day,True,7,89,76,80
Spiderman,great power come great respons leap extrem distanc flip effortlessli,Male,signific take futur skin environ abl rise studi oil process tend spiderman save day,True,4,50,86,89
Ironman,geniu engin energi weapon missil launcher,Male,perform red industri togeth memori pay execut size marriag particip sing ironman save day,True,10,43,100,63
Spiderman,regen heal recov broken bone injuri rapidli enhanc durabl,Male,mr gener necessari lay focu countri recent occur simpli analysi seat relat spiderman save day,True,4,61,85,89
Ironman,geniu engin energi weapon missil launcher,Male,region miss stop strong enjoy name commun presid ironman save day,False,7,67,100,66
Hulk,power angryinfinit strength proport anger thunder clap,Male,life bad soon feel worker rang feel eat notic necessari hulk save day,True,8,95,41,42
Black Widow,expert marksman flawless accuraci firearm throw knive rang weapon,Female,finish southern page result respons popul never world let appli peac market job well black widow save day,True,3,60,74,92
Captain America,pound snap steel chain,Male,thank plant nearli stage determin environment ok space send choos discuss captain america save day,True,6,83,87,81
Captain America,vibranium shield masteri perfect ricochet physic knowledg offens defens throw,Male,learn health need class job expect process quit plant captain america save day,True,5,78,76,86
Ironman,power armor suit repulsor flight,Male,elect accept season accord mission mind heart day sound ironman save day,True,10,74,97,71
Ironman,repulsor blast cyberpath interfac unibeam devast concentr energi blast emit chest reactor,Male,nice maintain present cultur pattern save east author sinc food becom public interest ironman save day,True,8,59,98,50
Hulk,superhuman strength anger durabl heal factor,Male,build movement yard four field area young posit half tabl futur subject set face hulk save day,True,2,94,42,56
Hulk,invulner skin resist nuclear blast artilleri shell extrem temperatur,Male,public though howev style success door number matter build profession oil simpl hulk save day,True,4,100,43,53
Ironman,ai assist tactic analysi hack via system like jarvi friday,Male,matter note happi effort bill reveal direct ironman save day,True,7,63,97,79
Captain America,went past leader ship qualiti worthi among aveng lift thor hammer,Male,color set act goal listen line captain america save day,True,6,80,85,77
Hulk,gamma radiat empow massiv leap anger,Male,former good within far cold reason fight size employe pictur offici hulk save day,True,3,98,49,56
Captain America,enhanc reflex see object slow motion dodg bullet,Male,piec talk bring garden get yet outsid miss effort busi paper movi militari set captain america save day,True,6,86,72,77
Spiderman,adher surfac via static silk format,Male,tabl prepar shoulder result democrat later direct fund spiderman save day,True,6,58,74,90
Spiderman,adher surfac via static silk format,Male,left approach million perform materi kind appear environ capit explain thing machin ahead pictur son spiderman save day,True,8,68,64,93
Black Widow,peak human condit espionag wrist stinger,Female,dinner section thousand soldier noth yard address black widow save day,True,7,62,87,93
Captain America,indomit expert tactician shield throw,Male,reach could centuri interview lawyer popul right case seek activ captain america save day,True,7,83,74,74
Ironman,advanc durabl shell made alloy resist missil energi attack,Male,profession team foot live window music even ironman save day,True,10,63,95,77
Black Widow,widow bite wrist gauntlet deliv electr blast tear ga,Female,practic ground least tree trade style suffer situat model black widow save day,True,4,53,74,92
Ironman,power armor suit repulsor flight,Male,teach rang win direct feel season similar fli rock paint becom kid tree imagin ironman save day,True,10,73,98,65
Captain America,indomit expert tactician shield throw,Male,benefit structur profession right analysi mention spring follow phone captain america save day,True,6,78,78,78
Captain America,pound snap steel chain,Male,interest paper field offic whose cut televis loss week growth captain america save day,True,8,89,81,90
Hulk,superhuman strength anger durabl heal factor,Male,beat show challeng instead bring total school knowledg machin hulk save day,True,4,97,60,47
Black Widow,elit spi tactician master psycholog manipul interrog stealth hack,Female,war alway camera give attorney probabl cut clear yard turn sign agre black widow save day,True,7,57,80,90
Spiderman,regen heal recov broken bone injuri rapidli enhanc durabl,Male,simpli move grow end mention market better wonder light style trial spiderman save day,True,4,57,65,91
Black Widow,acrobat combat tactic geniu,Female,leg play best differ rememb determin particularli rock particip leav black widow save day,True,5,57,90,95
Hulk,invulner skin resist nuclear blast artilleri shell extrem temperatur,Male,say unit four institut truth beyond civil end insid role natur forc receiv hulk save day,True,5,95,47,43
Black Widow,master spi martial artist expert marksman,Female,toward reflect along wonder wear partner ball necessari water establish among along medic black widow save day,True,7,57,78,87
Black Widow,biochem enhanc longev red room serum slow age boost immun system,Female,billion sit remain night studi heart million understand opportun black widow save day,True,6,63,82,82
Black Widow,widow bite wrist gauntlet deliv electr blast tear ga,Female,news cultur make quickli differ score beat agenc benefit almost cell black widow save day,True,6,68,80,90
Spiderman,adher surfac via static silk format,Male,order later develop past road train probabl feel poor suggest intern blue republican spiderman save day,True,4,61,64,89
Hulk,environment adapt surviv indefinit vacuum space deep ocean pressur,Male,price window career case south team throw receiv us perhap lawyer interest star hulk save day,True,5,100,37,45
Spiderman,superhuman agil lift car punch wall strength cling wall,Male,success televis key issu statement prepar organ feel owner receiv look spiderman save day,True,5,67,86,99
Black Widow,peak human condit espionag wrist stinger,Female,wide husband hope miss instead live focu return feel avoid black widow save day,False,7,49,77,91
Hulk,invulner skin resist nuclear blast artilleri shell extrem temperatur,Male,explain manag candid task outsid yet execut qualiti industri impact certainli hulk save day,True,5,100,27,32
Ironman,advanc durabl shell made alloy resist missil energi attack,Male,agent certainli prove custom seek claim expert economi ironman save day,True,6,69,96,56
Black Widow,biochem enhanc longev red room serum slow age boost immun system,Female,find night brother letter structur beat us black widow save day,True,6,61,83,97
Hulk,invulner skin resist nuclear blast artilleri shell extrem temperatur,Male,mouth husband includ per natur wind futur sport opportun six hulk save day,True,5,98,46,63
Captain America,enhanc strength endur martial art expert,Male,mr without sing sister blood second high captain america save day,True,5,86,87,76
Ironman,repulsor blast cyberpath interfac unibeam devast concentr energi blast emit chest reactor,Male,posit question especi import sister across treatment posit ironman save day,True,10,65,100,64
Ironman,advanc durabl shell made alloy resist missil energi attack,Male,region goal noth center way student special ironman save day,True,8,72,97,67
Hulk,gamma radiat empow massiv leap anger,Male,strategi pull somebodi son suddenli perform execut see project current paper hulk save day,True,5,96,35,58
Hulk,gamma radiat empow massiv leap anger,Male,child weight question arriv consid requir fear hulk save day,True,2,97,48,56
Hulk,thunderclap slam hand togeth creat shockwav deafen foe blow away target,Male,heavi shake possibl sort continu book contain far produc hulk save day,True,2,97,24,59
Black Widow,widow bite wrist gauntlet deliv electr blast tear ga,Female,huge machin church feel discov signific easi even buy six pretti capit scientist establish black widow save day,True,5,53,84,91
Black Widow,acrobat combat tactic geniu,Female,benefit money reason mean rate group govern level leav tree ago short black widow save day,True,6,57,86,97
Hulk,environment adapt surviv indefinit vacuum space deep ocean pressur,Male,shake person often beat art almost finish summer assum camera tri kind feel hulk save day,True,3,95,42,50
Black Widow,elit spi tactician master psycholog manipul interrog stealth hack,Female,front station particip blue reveal avail tv wear black widow save day,True,6,65,96,90
Ironman,repulsor blast cyberpath interfac unibeam devast concentr energi blast emit chest reactor,Male,medic suddenli subject theori congress best campaign els space sever consum quit ironman save day,True,9,44,100,51
Black Widow,widow bite wrist gauntlet deliv electr blast tear ga,Female,tax low keep news court control black widow save day,False,7,66,100,87
Hulk,environment adapt surviv indefinit vacuum space deep ocean pressur,Male,polit contain kitchen polit abl custom figur hulk save day,True,4,96,14,47
Spiderman,,Male,newspap indic peac simpli train father open spiderman save day,True,8,45,79,88
Spiderman,,Male,mind song risk bad state nation fli bag produc fill spiderman save day,False,4,52,63,95
Ironman,power armor suit repulsor flight,Male,around beat law particip final score scientist budget remain ironman save day,True,9,56,100,79
Spiderman,regen heal recov broken bone injuri rapidli enhanc durabl,Male,camera final togeth someon team togeth decid econom bill sister imag per spiderman save day,True,2,56,72,91
Spiderman,adher surfac via static silk format,Male,color bad peopl drive tree central leav effect spiderman save day,True,5,55,73,93
Spiderman,adher surfac via static silk format,Male,let eight hard paper white respons sing clearli find offici spiderman save day,True,5,71,73,100
Ironman,power armor suit repulsor flight,Male,throw relat issu presid parent approach former window import never understand music produc father benefit ironman save day,True,8,70,98,48
Captain America,immun fatigu metabol prevent lactic acid buildup allow endless fight,Male,challeng pretti difficult state colleg bodi big ground captain america save day,True,3,82,76,88
Ironman,power armor suit repulsor flight,Male,particularli televis road low maintain thought key pressur actual ironman save day,True,10,59,98,58
Black Widow,master spi martial artist expert marksman,Female,break bed role control option whole short small black widow save day,True,6,56,78,93
Black Widow,expert marksman flawless accuraci firearm throw knive rang weapon,Female,point think high woman bad see institut wear either present third student item black widow save day,True,6,40,85,100
Black Widow,multilingu fluent dozen languag global undercov oper,Female,life rich everybodi word group task give relationship hospit artist black widow save day,True,6,75,76,96
Ironman,geniu engin energi weapon missil launcher,Male,go skin result answer inform coach increas ironman save day,True,8,48,94,71
Black Widow,multilingu fluent dozen languag global undercov oper,Female,caus natur safe profession dog author black widow save day,True,5,52,92,82
Ironman,repulsor blast cyberpath interfac unibeam devast concentr energi blast emit chest reactor,Male,specif result loss long decis claim street amount claim pictur alway ironman save day,True,8,58,94,69
Captain America,went past leader ship qualiti worthi among aveng lift thor hammer,Male,accept thank attorney court plant center daughter begin stori use door back right find return captain america save day,True,6,84,95,73
Spiderman,regen heal recov broken bone injuri rapidli enhanc durabl,Male,confer career polit role white hear larg true help bag spiderman save day,True,4,56,67,88
Black Widow,master spi martial artist expert marksman,Female,guy discov water hear beyond close plant peac success seem charg walk particip teach black widow save day,True,6,49,77,92
Hulk,power angryinfinit strength proport anger thunder clap,Male,feel quickli truth view respons trip wrong old particularli member summer hulk save day,False,5,98,47,44
Black Widow,multilingu fluent dozen languag global undercov oper,Female,cultur bring bar cultur democrat maintain notic black widow save day,True,6,55,80,97
Hulk,invulner skin resist nuclear blast artilleri shell extrem temperatur,Male,someon rate listen comput prove amount popul hulk save day,True,6,98,33,71
Ironman,power armor suit repulsor flight,Male,fight secur tough ga includ posit mention claim ironman save day,True,10,65,99,78
Captain America,pound snap steel chain,Male,book expect card insid former program way work captain america save day,True,6,85,83,76
Spiderman,adher surfac via static silk format,Male,public especi american seri like prepar spiderman save day,True,3,59,78,98
Black Widow,heal recov deep wound fractur trauma much faster normal human,Female,forc matter bring nice help histori listen find miss third success western watch black widow save day,False,6,49,84,91
Hulk,gamma radiat empow massiv leap anger,Male,visit polit wall appear voic item yet hulk save day,True,3,96,43,49
Captain America,went past leader ship qualiti worthi among aveng lift thor hammer,Male,short find west maintain third interest captain america save day,True,7,88,72,90
Captain America,master tactician combat strategi battlefield analysi leadership,Male,piec put recent popul end lay race effect weight success activ captain america save day,False,6,86,87,77
Captain America,immun fatigu metabol prevent lactic acid buildup allow endless fight,Male,popular true huge million countri institut captain america save day,True,4,88,76,72
Black Widow,heal recov deep wound fractur trauma much faster normal human,Female,bed relat treatment short need pressur million gun cup church movi teacher black widow save day,True,8,68,85,96
Captain America,enhanc reflex see object slow motion dodg bullet,Male,final wrong religi long captain america save day,True,7,82,73,68
Ironman,repulsor blast cyberpath interfac unibeam devast concentr energi blast emit chest reactor,Male,cultur right cover larg work avoid budget american evid enough claim suffer accept letter ironman save day,True,8,72,94,68
Captain America,vibranium shield masteri perfect ricochet physic knowledg offens defens throw,Male,babi drive behavior offer experi upon space captain america save day,False,7,81,73,83
Ironman,geniu engin energi weapon missil launcher,Male,board popul bank exactli step cultur safe phone road throughout support place spend often ironman save day,True,10,73,96,64
Ironman,geniu engin energi weapon missil launcher,Male,pattern educ boy provid note approach seem wrong natur popular ironman save day,True,8,68,96,56
Ironman,nanotechnolog suit super strength flight,Male,view citi rock seat near busi loss feder growth appear project ironman save day,True,9,64,96,69
Hulk,invulner skin resist nuclear blast artilleri shell extrem temperatur,Male,scene countri soon strong mind offici pretti skin main program hulk save day,True,3,96,38,44
Spiderman,,Male,sing industri class current paint appear lose variou spiderman save day,True,5,59,60,94
Black Widow,biochem enhanc longev red room serum slow age boost immun system,Female,land answer leader yard enjoy soldier decid side natur focu husband black widow save day,True,5,53,90,92
Hulk,invulner skin resist nuclear blast artilleri shell extrem temperatur,Male,respond histori activ gener final knowledg night democrat hulk save day,True,5,97,43,49
Ironman,advanc durabl shell made alloy resist missil energi attack,Male,situat littl becom citizen peac us young person art popular red social call ironman save day,True,9,93,99,50
Ironman,geniu engin energi weapon missil launcher,Male,mission inform increas challeng onto serv vote understand none big experi movi ga improv magazin ironman save day,True,8,65,97,68
Ironman,advanc durabl shell made alloy resist missil energi attack,Male,order concern glass clear thu see read expect hit clear occur ironman save day,True,7,56,98,73
Black Widow,acrobat combat tactic geniu,Female,appli suddenli call prove leg sever militari stuff establish worri black widow save day,True,7,58,90,87
Captain America,master tactician combat strategi battlefield analysi leadership,Male,reflect fear foot research televis mr red hour stage situat morn captain america save day,True,6,92,75,89
Hulk,superhuman strength anger durabl heal factor,Male,creat physic share cold follow first suddenli son even recent guy move goal centuri hulk save day,True,6,99,32,54
Captain America,master tactician combat strategi battlefield analysi leadership,Male,type simpli task road feder spring treatment captain america save day,True,7,83,78,84
Ironman,ai assist tactic analysi hack via system like jarvi friday,Male,also green catch happen old specif begin ironman save day,True,9,83,95,63
Hulk,invulner skin resist nuclear blast artilleri shell extrem temperatur,Male,total rate movement door kind account whether truth feel view seri hulk save day,True,3,100,30,57
Black Widow,multilingu fluent dozen languag global undercov oper,Female,kid especi structur fall gun lay secur break drop run gun black widow save day,True,8,63,86,96
Spiderman,superhuman agil lift car punch wall strength cling wall,Male,stay perhap particularli campaign benefit health would newspap hand certain spiderman save day,True,5,55,75,94
Ironman,repulsor blast cyberpath interfac unibeam devast concentr energi blast emit chest reactor,Male,stock determin bad person might son parti realli even possibl mother especi could ironman save day,True,9,79,97,58
Ironman,nanotechnolog suit super strength flight,Male,magazin join far recent coupl cost girl ironman save day,True,8,58,97,58
Black Widow,acrobat combat tactic geniu,Female,involv toward result kind polit open play sens yeah edg imagin establish piec forget low exist black widow save day,True,6,51,90,90
Captain America,vibranium shield masteri perfect ricochet physic knowledg offens defens throw,Male,whole join tree statement night throw cup reveal captain america save day,True,7,78,82,79
Black Widow,elit spi tactician master psycholog manipul interrog stealth hack,Female,focu nice current democrat black widow save day,True,6,53,85,90
Black Widow,widow bite wrist gauntlet deliv electr blast tear ga,Female,money environ recent approach relationship perform evid data black widow save day,True,5,48,90,100
Captain America,enhanc strength endur martial art expert,Male,program smile among decis social heart mind captain america save day,True,7,80,88,84
Spiderman,great power come great respons leap extrem distanc flip effortlessli,Male,allow enjoy televis beauti tend bring speech decid scene readi spiderman save day,True,4,65,75,95
Ironman,advanc durabl shell made alloy resist missil energi attack,Male,attack energi alway art smile media pick may inde reduc bar mr pattern everyon final memori ironman save day,True,8,80,100,60
Hulk,gamma radiat empow massiv leap anger,Male,bodi role pick would low read valu worri hulk save day,True,4,100,36,45
Ironman,power armor suit repulsor flight,Male,also worker pass minut repres watch star polici keep cut prevent sound experi almost ironman save day,True,7,75,100,74
Ironman,nanotechnolog suit super strength flight,Male,quit act receiv stage write institut car audienc room bill finish thing case similar ironman save day,True,7,63,97,66
Captain America,peak human abil vibranium shield,Male,fill thousand number hear nearli care base know captain america save day,True,6,81,84,88
Spiderman,intellect web shooter,Male,whose far sound life away senior difficult put purpos howev suffer newspap bed spiderman save day,True,6,66,84,95
Spiderman,great power come great respons leap extrem distanc flip effortlessli,Male,voic boy wife condit enter board rock finish paper memori spiderman save day,True,4,50,82,98
Hulk,power angryinfinit strength proport anger thunder clap,Male,wish dog late eat old posit beat light window huge hulk save day,False,5,98,41,52
Captain America,vibranium shield masteri perfect ricochet physic knowledg offens defens throw,Male,togeth improv tree accord show econom like captain america save day,True,8,81,72,73
Hulk,invulner skin resist nuclear blast artilleri shell extrem temperatur,Male,manag voic get recent explain court ga hulk save day,True,2,100,33,59
Black Widow,biochem enhanc longev red room serum slow age boost immun system,Female,past gun process site special part buy black widow save day,True,4,66,83,98
Hulk,gamma radiat empow massiv leap anger,Male,busi million mani militari analysi return anoth truth mother first hot hulk save day,True,5,96,37,38
Spiderman,superhuman agil lift car punch wall strength cling wall,Male,south trip none whose newspap care drug data posit spiderman save day,True,4,55,74,92
Black Widow,widow bite wrist gauntlet deliv electr blast tear ga,Female,play forget home upon actual futur get know left sea decis recent pull black widow save day,True,4,60,84,92
Hulk,invulner skin resist nuclear blast artilleri shell extrem temperatur,Male,million health machin futur treat bill choic determin could hulk save day,True,3,95,33,60
Black Widow,widow bite wrist gauntlet deliv electr blast tear ga,Female,field sure area similar specif move team radio scene black widow save day,True,8,48,79,96
Spiderman,intellect web shooter,Male,meet event strong woman necessari two meet tell spiderman save day,True,3,59,52,90
Spiderman,adher surfac via static silk format,Male,cours kid industri includ data mayb particularli like spiderman save day,True,6,56,60,90
Black Widow,expert marksman flawless accuraci firearm throw knive rang weapon,Female,age smile hope memori cover tree leader rich dream line requir black widow save day,True,7,65,80,88
Black Widow,peak human condit espionag wrist stinger,Female,spend babi camera congress analysi glass pretti factor paper black widow save day,True,8,54,79,93
Captain America,went past leader ship qualiti worthi among aveng lift thor hammer,Male,help everybodi garden one long pull beyond articl captain america save day,True,7,88,80,88
Ironman,advanc durabl shell made alloy resist missil energi attack,Male,sourc statement like outsid enjoy ironman save day,True,9,52,96,63
Captain America,enhanc reflex see object slow motion dodg bullet,Male,detail elect live today career movement rise bed realiti captain america save day,True,5,89,81,83
Ironman,ai assist tactic analysi hack via system like jarvi friday,Male,final howev major produc name continu ironman save day,True,10,75,96,69
Black Widow,master spi martial artist expert marksman,Female,analysi behavior confer charact find push lose end black widow save day,True,3,50,87,89
Captain America,enhanc strength endur martial art expert,Male,scientist howev rang close seek singl husband captain america save day,True,8,83,78,78
Ironman,ai assist tactic analysi hack via system like jarvi friday,Male,learn forward beauti approach newspap offer ironman save day,True,7,72,99,68
Captain America,peak human abil vibranium shield,Male,execut must assum other seri final necessari point allow especi captain america save day,True,6,83,70,77
Black Widow,elit spi tactician master psycholog manipul interrog stealth hack,Female,window store build requir call girl laugh network vote black widow save day,True,5,54,93,88
Spiderman,regen heal recov broken bone injuri rapidli enhanc durabl,Male,deep someth futur red everybodi act way beat result major serv real posit spiderman save day,True,3,61,75,90
Black Widow,peak human condit espionag wrist stinger,Female,begin great hair sign mission stop reach color wear one choos black widow save day,True,6,45,81,88
Spiderman,superhuman agil lift car punch wall strength cling wall,Male,oper speak accord south recent futur choic whatev behavior benefit suggest page southern spiderman save day,True,4,64,71,93
Hulk,environment adapt surviv indefinit vacuum space deep ocean pressur,Male,tell soon execut sometim season natur begin effort drive hulk save day,True,2,98,60,50
Ironman,nanotechnolog suit super strength flight,Male,approach side model billion peac base use hope director scene kitchen call money color ironman save day,True,7,74,100,70
Black Widow,elit spi tactician master psycholog manipul interrog stealth hack,Female,gener like rather recogn tree protect stori relationship sever black widow save day,True,4,53,90,95
Hulk,invulner skin resist nuclear blast artilleri shell extrem temperatur,Male,requir remain save eight believ arriv four dog tradit hulk save day,True,4,100,23,40
Ironman,repulsor blast cyberpath interfac unibeam devast concentr energi blast emit chest reactor,Male,list act instead care throw piec move firm main ironman save day,True,8,79,96,79
Black Widow,heal recov deep wound fractur trauma much faster normal human,Female,step earli choic yeah ago differ reason despit key specif certainli father black widow save day,True,6,65,87,87
Hulk,gamma radiat empow massiv leap anger,Male,expect win stuff realiz project child draw american first call employe continu none alon first hulk save day,True,8,96,14,46
Hulk,invulner skin resist nuclear blast artilleri shell extrem temperatur,Male,pm readi way rule indic clear media machin leader whose hulk save day,True,6,96,36,53
Spiderman,regen heal recov broken bone injuri rapidli enhanc durabl,Male,list top somebodi colleg middl plan friend stand seem pull differ current agenc spiderman save day,True,3,63,68,100
Spiderman,superhuman agil lift car punch wall strength cling wall,Male,finish summer rest feel final impact fast camera insid wait qualiti total past feel natur spiderman save day,True,5,77,68,92
Ironman,nanotechnolog suit super strength flight,Male,collect start hous ahead rais common ironman save day,True,10,56,96,68
Black Widow,peak human condit espionag wrist stinger,Female,summer feel poor hope like black widow save day,True,7,47,83,91
Spiderman,intellect web shooter,Male,someth pictur control price scene third last involv spiderman save day,True,4,74,79,92
Ironman,repulsor blast cyberpath interfac unibeam devast concentr energi blast emit chest reactor,Male,member recogn past purpos growth pretti wish beauti everi human prove custom address region tri ironman save day,True,8,83,98,62
Spiderman,,Male,movi win need stop peac technolog offic relat anim direct eye bag spiderman save day,True,5,44,62,92
Ironman,nanotechnolog suit super strength flight,Male,room learn profession group move design involv ironman save day,True,9,78,98,73
Hulk,gamma radiat empow massiv leap anger,Male,price institut method insid like first follow best major real day hulk save day,True,4,99,42,52
Captain America,master tactician combat strategi battlefield analysi leadership,Male,sourc caus econom indic current figur father leav contain site captain america save day,True,7,75,77,82
Ironman,nanotechnolog suit super strength flight,Male,treat imagin later identifi first hope brother accept result ironman save day,True,8,68,98,63
Spiderman,great power come great respons leap extrem distanc flip effortlessli,Male,sell six doctor dream whole six tough creat question key spiderman save day,True,7,48,63,94
Hulk,thunderclap slam hand togeth creat shockwav deafen foe blow away target,Male,artist whose nice without bodi execut opportun hulk save day,True,5,97,47,57
Spiderman,,Male,almost half capit travel forc inde custom skill theori hand mayb even clearli spiderman save day,True,5,58,73,99
Spiderman,superhuman agil lift car punch wall strength cling wall,Male,would music sometim bodi term capit group small open spiderman save day,True,3,57,77,92
Ironman,ai assist tactic analysi hack via system like jarvi friday,Male,pressur lay futur stay staff forward outsid respond ironman save day,True,8,70,95,53
Spiderman,great power come great respons leap extrem distanc flip effortlessli,Male,top popul art everi station begin deep polic wife anyth four writer skin spiderman save day,True,5,65,74,91
Black Widow,master spi martial artist expert marksman,Female,fine market control enter religi go south time senior follow born black widow save day,True,5,57,86,84
Captain America,indomit expert tactician shield throw,Male,beyond sound friend make go nation profession effect captain america save day,True,5,85,87,81
Black Widow,widow bite wrist gauntlet deliv electr blast tear ga,Female,point least theori wall film race wall ten section scene black widow save day,True,4,50,80,87
Ironman,advanc durabl shell made alloy resist missil energi attack,Male,result hour voic occur movi polit region although bodi lead ironman save day,False,9,78,93,56
Ironman,advanc durabl shell made alloy resist missil energi attack,Male,store star consid process enough right garden law ironman save day,True,8,77,98,64
Hulk,thunderclap slam hand togeth creat shockwav deafen foe blow away target,Male,five store ask data includ statement posit either imag box court earli hulk save day,True,5,100,38,44
Black Widow,acrobat combat tactic geniu,Female,list set join section sing everybodi provid paint travel question even imagin affect increas candid black widow save day,True,7,46,88,94
Black Widow,multilingu fluent dozen languag global undercov oper,Female,black whether seven fish movi hot teacher manag less step last concern eye mouth black widow save day,True,7,53,87,95
Spiderman,great power come great respons leap extrem distanc flip effortlessli,Male,particip commerci rock clear writer polici news spiderman save day,True,7,58,75,89
Captain America,enhanc strength endur martial art expert,Male,interest way lawyer repres elect occur captain america save day,True,7,86,79,81
Hulk,power angryinfinit strength proport anger thunder clap,Male,direct includ custom avail one approach job democrat particip concern hulk save day,True,4,99,47,29
Spiderman,,Male,next properti govern howev score job least back fine invest identifi polici face spiderman save day,True,6,55,68,96
Ironman,geniu engin energi weapon missil launcher,Male,pressur develop develop insid thought one less brother approach plant ironman save day,True,8,59,95,74
Ironman,ai assist tactic analysi hack via system like jarvi friday,Male,wide win exampl account ironman save day,True,8,67,98,71
Black Widow,master spi martial artist expert marksman,Female,babi mean region run sea must tri black widow save day,True,6,47,81,86
Captain America,master tactician combat strategi battlefield analysi leadership,Male,speech pm institut better end financi quickli captain america save day,True,9,81,70,68
Ironman,ai assist tactic analysi hack via system like jarvi friday,Male,fight american music chang mayb determin anyth rule hotel knowledg organ measur develop face hour ironman save day,True,10,75,97,57
Captain America,vibranium shield masteri perfect ricochet physic knowledg offens defens throw,Male,rememb carri prove less leav bar prevent requir captain america save day,True,8,87,82,83
Ironman,ai assist tactic analysi hack via system like jarvi friday,Male,live seat natur energi huge recent seven ironman save day,True,8,79,100,77
Hulk,environment adapt surviv indefinit vacuum space deep ocean pressur,Male,enjoy strong line presid throughout individu man reach hulk save day,False,4,98,45,57
Spiderman,adher surfac via static silk format,Male,analysi current among valu middl writer educ send cours spiderman save day,True,2,70,86,94
Black Widow,peak human condit espionag wrist stinger,Female,keep pattern order reason room list black widow save day,True,4,49,95,92
Ironman,repulsor blast cyberpath interfac unibeam devast concentr energi blast emit chest reactor,Male,cost keep enjoy student charact recent benefit properti space includ ironman save day,True,10,78,98,59
Hulk,power angryinfinit strength proport anger thunder clap,Male,edg draw busi southern forget hope secur door institut certain compar wide keep hulk save day,True,5,95,50,49
Spiderman,regen heal recov broken bone injuri rapidli enhanc durabl,Male,race mr environ polit born law west spiderman save day,True,5,44,65,95
Spiderman,regen heal recov broken bone injuri rapidli enhanc durabl,Male,realli popul never major cell fire late approach grow act carri spring white measur spiderman save day,True,5,68,80,96
Captain America,immun fatigu metabol prevent lactic acid buildup allow endless fight,Male,job senior find simpli challeng final garden hard account question arm medic strong captain america save day,True,5,80,86,81
Spiderman,,Male,industri score choic increas major impact week allow kitchen wear talk rate spiderman save day,True,3,50,83,98
Captain America,indomit expert tactician shield throw,Male,creat countri comput everi parent million bodi anyon eat book boy time offer captain america save day,True,4,92,80,82
Hulk,power angryinfinit strength proport anger thunder clap,Male,weight new among spend per presid cold art two event economi quit hulk save day,True,6,97,50,57
Captain America,master tactician combat strategi battlefield analysi leadership,Male,requir central run truth fact allow usual captain america save day,True,8,94,77,84
Ironman,power armor suit repulsor flight,Male,true similar suffer team whether health ironman save day,True,9,74,99,68
Ironman,repulsor blast cyberpath interfac unibeam devast concentr energi blast emit chest reactor,Male,white save network item one sit travel ironman save day,True,6,90,95,51
Ironman,ai assist tactic analysi hack via system like jarvi friday,Male,outsid parent singl real summer probabl feel militari meet secur far approach today west manag ironman save day,True,9,74,98,84
Captain America,indomit expert tactician shield throw,Male,step shake popular analysi eat base central physic captain america save day,True,7,91,76,82
Ironman,power armor suit repulsor flight,Male,bag seek certainli entir hotel consid time econom high actual window ironman save day,True,8,84,98,70
Hulk,superhuman strength anger durabl heal factor,Male,audienc road sinc affect marriag present also hulk save day,True,4,96,50,50
Ironman,geniu engin energi weapon missil launcher,Male,bed space fight relat owner democrat task chanc repres ironman save day,True,9,89,97,66
Black Widow,widow bite wrist gauntlet deliv electr blast tear ga,Female,econom would arriv argu garden mr exist line thing avail run black widow save day,True,4,43,78,92
Black Widow,expert marksman flawless accuraci firearm throw knive rang weapon,Female,sister especi usual line task field certain free govern seat last interest hour black widow save day,True,6,51,86,88
Captain America,vibranium shield masteri perfect ricochet physic knowledg offens defens throw,Male,anyon case size mayb night captain america save day,False,6,91,72,85
Hulk,environment adapt surviv indefinit vacuum space deep ocean pressur,Male,turn surfac listen recent continu pull blue hulk save day,True,2,98,40,40
Hulk,superhuman strength anger durabl heal factor,Male,time return cup qualiti singl hulk save day,True,7,97,42,53
Ironman,nanotechnolog suit super strength flight,Male,door address ironman save day,True,10,70,98,78
Hulk,invulner skin resist nuclear blast artilleri shell extrem temperatur,Male,option student evid role save east forc often option hulk save day,False,4,99,53,66
Black Widow,elit spi tactician master psycholog manipul interrog stealth hack,Female,fire hear tend magazin colleg moment compar today add water garden final differ everyth black widow save day,True,5,58,86,92
Hulk,gamma radiat empow massiv leap anger,Male,seriou produc laugh factor past languag day hulk save day,True,1,99,34,48
Spiderman,adher surfac via static silk format,Male,central caus seat much section invest gun young catch manag sens technolog check spiderman save day,True,4,57,70,100
Spiderman,,Male,health reduc tree seriou soon stay seven quit skin moment month gun true born stock spiderman save day,True,3,63,88,100
Hulk,superhuman strength anger durabl heal factor,Male,manag suffer term buy behavior test congress collect meet even one hulk save day,True,7,95,31,34
Hulk,gamma radiat empow massiv leap anger,Male,draw key point decis gener polit sens break cold human feel second hulk save day,True,7,99,40,30
Hulk,thunderclap slam hand togeth creat shockwav deafen foe blow away target,Male,challeng larg wish move build agent use shoulder way choos wife hulk save day,True,6,100,27,55
Hulk,environment adapt surviv indefinit vacuum space deep ocean pressur,Male,noth behavior sort recogn best financi popular short like water centuri time elect guy hulk save day,True,5,97,45,44
Captain America,pound snap steel chain,Male,drive long major exactli signific lot begin repres good structur drug posit task reason captain america save day,True,6,78,82,81
Black Widow,biochem enhanc longev red room serum slow age boost immun system,Female,blood look return like wife anim process reach train black widow save day,True,5,56,80,87
Ironman,nanotechnolog suit super strength flight,Male,expect stop trip give white everybodi paper creat upon offer end imagin blood author famili ironman save day,True,8,67,97,66
Hulk,gamma radiat empow massiv leap anger,Male,tell brother defens list second want hard weight impact build occur american check hulk save day,True,7,100,46,47
Black Widow,acrobat combat tactic geniu,Female,chanc activ hair meet thank might local tonight win popular onto black widow save day,True,5,53,83,86
Hulk,power angryinfinit strength proport anger thunder clap,Male,kind show respons militari attorney full hulk save day,True,4,97,43,44
Hulk,invulner skin resist nuclear blast artilleri shell extrem temperatur,Male,thing rock ever summer age wide question pass quit third hulk save day,True,4,95,35,53
Hulk,superhuman strength anger durabl heal factor,Male,bank citizen might wide store shake suggest rate societi floor long end reach step hulk save day,True,8,99,39,46
Hulk,superhuman strength anger durabl heal factor,Male,seriou whatev miss seek affect probabl mother ever day stop stuff often hulk save day,True,4,99,29,45
Captain America,master tactician combat strategi battlefield analysi leadership,Male,window thu larg respons treat attack industri use mean recent anim captain america save day,True,8,83,69,74
Hulk,invulner skin resist nuclear blast artilleri shell extrem temperatur,Male,particular condit man centuri shoulder despit poor tree resourc billion hulk save day,True,4,99,42,40
Hulk,invulner skin resist nuclear blast artilleri shell extrem temperatur,Male,caus cover rest major music film move strong hulk save day,True,7,99,37,39
Ironman,ai assist tactic analysi hack via system like jarvi friday,Male,feder star commun weight take new nearli behind big soldier ironman save day,True,9,84,97,67
Ironman,nanotechnolog suit super strength flight,Male,career way much opportun lead see theori polici move train loss dinner ironman save day,True,8,67,100,69
Captain America,immun fatigu metabol prevent lactic acid buildup allow endless fight,Male,help ago reduc product avail studi captain america save day,True,6,88,84,91
Ironman,repulsor blast cyberpath interfac unibeam devast concentr energi blast emit chest reactor,Male,point audienc thousand activ guess first hit stuff insid nation common like would author ironman save day,True,8,65,96,60
Spiderman,intellect web shooter,Male,add mr lawyer pull public state wait board doctor agent spiderman save day,True,6,57,77,94
Spiderman,regen heal recov broken bone injuri rapidli enhanc durabl,Male,present discuss school sure also tv individu studi spiderman save day,True,5,62,82,92
Ironman,repulsor blast cyberpath interfac unibeam devast concentr energi blast emit chest reactor,Male,statement wonder across protect knowledg toward parti perform radio fli troubl war histori music ironman save day,True,7,85,95,59
Captain America,went past leader ship qualiti worthi among aveng lift thor hammer,Male,dream event physic factor troubl recent captain america save day,True,7,83,79,81
Captain America,immun fatigu metabol prevent lactic acid buildup allow endless fight,Male,establish color case leav call technolog send thousand whole includ land busi captain america save day,True,7,75,73,78
Hulk,invulner skin resist nuclear blast artilleri shell extrem temperatur,Male,everyth requir old event smile popular hundr live owner identifi machin everyth blue hulk save day,True,1,98,58,64
Ironman,nanotechnolog suit super strength flight,Male,like parti hand materi decis red head take evid confer ironman save day,True,8,62,97,78
Hulk,invulner skin resist nuclear blast artilleri shell extrem temperatur,Male,develop everyon mr knowledg public beauti memori creat fish paint want train guess hulk save day,True,5,97,42,45
Captain America,master tactician combat strategi battlefield analysi leadership,Male,writer decid break possibl plan win foot watch enough captain america save day,True,7,79,76,74
Spiderman,intellect web shooter,Male,last cell anyth war ten industri total spend valu return spiderman save day,True,4,50,70,95
Captain America,vibranium shield masteri perfect ricochet physic knowledg offens defens throw,Male,interview appear bodi hair wall repres east time consid produc focu experi exactli paper captain america save day,True,9,83,90,84
Ironman,advanc durabl shell made alloy resist missil energi attack,Male,fact attack better rise maintain former campaign pretti ironman save day,True,8,58,98,58
Captain America,master tactician combat strategi battlefield analysi leadership,Male,free guess analysi charact invest friend consid interest throw reach person expert even captain america save day,True,6,86,80,67
Captain America,peak human abil vibranium shield,Male,train seven build hard sens mean singl improv close captain america save day,True,7,73,78,74
Spiderman,regen heal recov broken bone injuri rapidli enhanc durabl,Male,agent everi develop say qualiti throughout beauti instead spiderman save day,True,5,58,79,100
Ironman,geniu engin energi weapon missil launcher,Male,summer southern pass coach method land condit process whose ironman save day,True,9,57,97,57
Captain America,immun fatigu metabol prevent lactic acid buildup allow endless fight,Male,understand avoid nation garden rise writer dark result analysi court nearli educ theori tabl captain america save day,True,6,93,87,79
Hulk,gamma radiat empow massiv leap anger,Male,specif pass intern american game less differ rather choic manag pictur modern hulk save day,True,4,99,24,55
Black Widow,elit spi tactician master psycholog manipul interrog stealth hack,Female,centuri pictur base night debat walk order base idea studi model style black widow save day,True,4,43,83,91
Hulk,gamma radiat empow massiv leap anger,Male,wind cup red collect husband invest employe becom hulk save day,True,6,99,44,50
Hulk,gamma radiat empow massiv leap anger,Male,per son war speak wait assum throughout leader bag today eye bodi everi hulk save day,True,3,98,57,76
Hulk,power angryinfinit strength proport anger thunder clap,Male,activ marriag materi space part manag describ process hulk save day,True,5,96,35,63
Spiderman,,Male,share includ success discuss religi across media spiderman save day,True,6,63,72,99
Spiderman,great power come great respons leap extrem distanc flip effortlessli,Male,custom career avail common requir young specif whose worri properti rememb nearli face feel spiderman save day,True,6,75,65,97
Ironman,repulsor blast cyberpath interfac unibeam devast concentr energi blast emit chest reactor,Male,charg could capit ago worri pay paper partner other discuss ago ironman save day,True,7,80,96,58
Hulk,thunderclap slam hand togeth creat shockwav deafen foe blow away target,Male,commerci find throughout music anyth ahead tough anyon beat hulk save day,True,5,97,30,53
Hulk,environment adapt surviv indefinit vacuum space deep ocean pressur,Male,least price season rise field spend pattern real white push sourc career hulk save day,True,4,97,27,57
Black Widow,elit spi tactician master psycholog manipul interrog stealth hack,Female,leav probabl custom common film continu tax job right child new simpli black widow save day,True,5,57,88,94
Spiderman,intellect web shooter,Male,form busi govern program seek test spiderman save day,True,5,72,74,96
Black Widow,master spi martial artist expert marksman,Female,direct respons concern without entir everyon sea safe true town black widow save day,True,6,69,86,91
Spiderman,superhuman agil lift car punch wall strength cling wall,Male,car cost larg never impact ago govern behavior spiderman save day,True,5,58,75,96
Ironman,geniu engin energi weapon missil launcher,Male,ye product presid readi indic natur listen check receiv piec feel product product ironman save day,True,9,52,99,67
Black Widow,elit spi tactician master psycholog manipul interrog stealth hack,Female,appli relationship concern cell firm difficult could third comput far recent black widow save day,True,8,64,94,87
Spiderman,superhuman agil lift car punch wall strength cling wall,Male,address centuri wide avoid sit enter perhap howev bag forget purpos move west spiderman save day,True,5,55,75,93
Ironman,ai assist tactic analysi hack via system like jarvi friday,Male,commun spring billion price paper focu thing industri particip realiz eat huge garden famili sourc catch ironman save day,True,10,91,100,69
Spiderman,,Male,enough decis occur peac air threat nation polit southern imag law read citizen spiderman save day,True,3,45,63,95
Ironman,geniu engin energi weapon missil launcher,Male,six fish detail contain attent measur inde ironman save day,True,9,66,98,69
Hulk,thunderclap slam hand togeth creat shockwav deafen foe blow away target,Male,execut give offer meet research blood news audienc hulk save day,True,3,96,45,52
Ironman,ai assist tactic analysi hack via system like jarvi friday,Male,director sort smile high open scientist seven recent best care local discuss teacher ironman save day,True,9,61,98,64
Spiderman,intellect web shooter,Male,first give valu somebodi event busi qualiti woman stand west sourc fact explain spiderman save day,True,5,66,64,99
Hulk,invulner skin resist nuclear blast artilleri shell extrem temperatur,Male,record professor small think law air littl goal leav hulk save day,True,6,95,41,73
Hulk,thunderclap slam hand togeth creat shockwav deafen foe blow away target,Male,religi occur someon religi night buy nice court peac hulk save day,True,5,99,44,70
Spiderman,adher surfac via static silk format,Male,exampl success pull experi account blue care enough hand idea spiderman save day,True,6,50,78,100
Hulk,thunderclap slam hand togeth creat shockwav deafen foe blow away target,Male,entir record toward middl vote make job sit size music hulk save day,True,7,97,32,31
Spiderman,,Male,new anoth gener poor high modern recent impact feel contain mr drive differ spiderman save day,True,5,59,76,94
Spiderman,superhuman agil lift car punch wall strength cling wall,Male,develop process huge everyth attorney signific go meet quickli spiderman save day,True,5,79,73,96
Captain America,pound snap steel chain,Male,popular task write treatment expect success idea captain america save day,False,6,87,74,87
Spiderman,great power come great respons leap extrem distanc flip effortlessli,Male,day sell speak artist big cost leader energi spiderman save day,True,5,67,79,88
Ironman,power armor suit repulsor flight,Male,night republican alway two figur major season adult rang green without ironman save day,True,7,62,97,67
Black Widow,acrobat combat tactic geniu,Female,seriou well among war think room issu everyth fire girl close black widow save day,True,5,69,81,90
Spiderman,adher surfac via static silk format,Male,fine anim ten scientist administr network result far cultur discov spiderman save day,True,3,74,81,100
Captain America,master tactician combat strategi battlefield analysi leadership,Male,draw everi beauti blood pictur american stage cover captain america save day,True,6,89,79,71
Spiderman,adher surfac via static silk format,Male,ago listen whose situat simpli offic return color pick peopl subject challeng quit way spiderman save day,True,5,76,81,93
Spiderman,superhuman agil lift car punch wall strength cling wall,Male,art point valu tree process administr mother admit reveal movi expert spiderman save day,True,3,64,79,93
Spiderman,,Male,success simpli director allow firm environ decis wall fire pretti spiderman save day,True,4,60,66,96
Captain America,master tactician combat strategi battlefield analysi leadership,Male,rule true two current forget fish main captain america save day,True,7,91,84,81
Hulk,thunderclap slam hand togeth creat shockwav deafen foe blow away target,Male,mani minut physic fall wide must car get hulk save day,False,5,99,21,43
Spiderman,superhuman agil lift car punch wall strength cling wall,Male,project togeth let explain nation avail war write feder real spiderman save day,True,4,66,77,92
Black Widow,biochem enhanc longev red room serum slow age boost immun system,Female,born condit interest servic bag accord way remain elect method pass black widow save day,True,5,53,80,91
Black Widow,master spi martial artist expert marksman,Female,discuss professor materi quickli food discuss sign true somebodi black widow save day,True,6,62,86,92
Ironman,ai assist tactic analysi hack via system like jarvi friday,Male,compar also argu long forward pass southern futur concern sort ironman save day,True,7,82,97,73
Spiderman,superhuman agil lift car punch wall strength cling wall,Male,get kind either look dark mr usual receiv spiderman save day,True,5,56,79,100
Captain America,pound snap steel chain,Male,whole theori quickli tonight last money enter captain america save day,True,6,82,74,83
Ironman,advanc durabl shell made alloy resist missil energi attack,Male,site grow name machin tree mayb home confer five despit time sing ironman save day,True,7,76,98,60
Ironman,power armor suit repulsor flight,Male,even back head mayb top confer sourc wonder west attent let execut ironman save day,True,10,65,97,73
Black Widow,master spi martial artist expert marksman,Female,sever prevent rais better oil individu industri countri ahead differ particular black widow save day,True,7,62,89,90
Hulk,gamma radiat empow massiv leap anger,Male,measur attent standard shake respond commerci senior hulk save day,True,3,97,32,46
Spiderman,adher surfac via static silk format,Male,machin daughter parent fine respons safe team wish candid five letter spiderman save day,True,5,52,79,88
Black Widow,heal recov deep wound fractur trauma much faster normal human,Female,sit common matter becom goal mr sourc whole first figur trial bed black widow save day,True,5,68,85,95
Captain America,enhanc reflex see object slow motion dodg bullet,Male,truth although popul attorney believ sort rich ever send hundr news finish partner hotel recent captain america save day,True,8,87,79,83
Spiderman,regen heal recov broken bone injuri rapidli enhanc durabl,Male,fact reason make offic drug heavi staff spiderman save day,True,2,49,70,95
Spiderman,,Male,move trade option product base invest term consid employe forc lawyer front everyth week instead spiderman save day,True,6,63,80,100
Captain America,vibranium shield masteri perfect ricochet physic knowledg offens defens throw,Male,feder consid speech board style class govern grow captain america save day,True,6,83,75,72
Spiderman,intellect web shooter,Male,also short capit heavi class stori side speak close join improv put know spiderman save day,True,4,65,85,95
Hulk,power angryinfinit strength proport anger thunder clap,Male,defens subject exampl claim move attorney bed recogn store rise decis measur soon hulk save day,True,6,95,52,53
Spiderman,superhuman agil lift car punch wall strength cling wall,Male,figur perform particip scienc way debat decis produc church commun avoid abl late spiderman save day,True,4,68,75,90
Hulk,thunderclap slam hand togeth creat shockwav deafen foe blow away target,Male,improv bag outsid natur peopl newspap stay challeng presid alreadi take project hulk save day,True,5,95,49,41
Hulk,gamma radiat empow massiv leap anger,Male,particular present even establish sort effort leav push drop public side mind hulk save day,True,5,99,40,70
Captain America,went past leader ship qualiti worthi among aveng lift thor hammer,Male,subject million scientist fish color occur involv new hot pattern hotel appear captain america save day,True,6,85,65,76
Black Widow,widow bite wrist gauntlet deliv electr blast tear ga,Female,focu still reflect somebodi often benefit true world remain black widow save day,True,8,49,76,90
Spiderman,intellect web shooter,Male,claim kind relationship night born war real chanc along hard need spiderman save day,True,5,62,75,94
Hulk,environment adapt surviv indefinit vacuum space deep ocean pressur,Male,detail far church well town offici need discov miss televis hulk save day,True,3,97,28,47
Hulk,environment adapt surviv indefinit vacuum space deep ocean pressur,Male,firm ye shake charact tabl price sometim appli chanc hulk save day,True,4,97,52,56
Hulk,gamma radiat empow massiv leap anger,Male,cup increas consid war differ way type posit phone hulk save day,False,5,99,28,63
Captain America,master tactician combat strategi battlefield analysi leadership,Male,watch state seriou activ pressur writer week tend dinner rich decid captain america save day,True,6,78,81,84
Captain America,peak human abil vibranium shield,Male,stay along leg pay major green past forget govern accept three control great big man captain america save day,True,6,83,79,82
Black Widow,multilingu fluent dozen languag global undercov oper,Female,follow fall thu debat leav owner wrong someon win black widow save day,True,5,57,82,97
Ironman,nanotechnolog suit super strength flight,Male,use live govern thu especi water rais travel materi current save deal dark econom ironman save day,True,9,76,96,44
Spiderman,great power come great respons leap extrem distanc flip effortlessli,Male,build court build movi sever continu describ machin right spiderman save day,True,2,52,78,97
Hulk,superhuman strength anger durabl heal factor,Male,major discuss wall ahead scene store marriag ago condit paint forc hulk save day,True,5,97,48,38
Hulk,superhuman strength anger durabl heal factor,Male,sourc person respons offici option event note interview girl babi statement hulk save day,True,5,96,15,48
Black Widow,master spi martial artist expert marksman,Female,purpos ahead person coach goal yet age wind news make doctor tv capit black widow save day,True,4,52,85,96
Captain America,went past leader ship qualiti worthi among aveng lift thor hammer,Male,clearli film thank possibl challeng seat drive thu cost agreement product laugh captain america save day,True,6,88,68,87
Ironman,geniu engin energi weapon missil launcher,Male,els industri home along remain occur coupl risk develop movement size ironman save day,True,8,80,99,62
Black Widow,multilingu fluent dozen languag global undercov oper,Female,growth impact nation author continu role treat black widow save day,True,6,59,83,88
Captain America,vibranium shield masteri perfect ricochet physic knowledg offens defens throw,Male,remain need commerci anim draw although challeng third establish captain america save day,True,7,77,88,72
Captain America,vibranium shield masteri perfect ricochet physic knowledg offens defens throw,Male,whatev democrat grow campaign perform avoid effort high tough captain america save day,True,6,82,87,90
Black Widow,heal recov deep wound fractur trauma much faster normal human,Female,know differ process mouth produc sever visit travel senior stock black widow save day,True,4,60,89,85
Hulk,power angryinfinit strength proport anger thunder clap,Male,environment point speak tabl trade variou risk art custom leg drive second hulk save day,True,5,98,33,46
Hulk,gamma radiat empow massiv leap anger,Male,everyon artist home elect spend concern attorney hulk save day,True,5,100,21,51
Spiderman,intellect web shooter,Male,expect recent room situat product main coupl design around save articl finish anyon live spiderman save day,True,4,72,56,98
Captain America,master tactician combat strategi battlefield analysi leadership,Male,happi total behavior consid continu televis countri make role posit clear concern captain america save day,True,6,87,73,84
Hulk,gamma radiat empow massiv leap anger,Male,wish former relat listen face want wonder chair north trade kind readi rule hulk save day,True,4,97,66,31
Hulk,environment adapt surviv indefinit vacuum space deep ocean pressur,Male,hotel also two charact within woman sometim hulk save day,True,3,98,29,36
Hulk,thunderclap slam hand togeth creat shockwav deafen foe blow away target,Male,control paint offici suggest door mayb improv nation happen within hulk save day,True,4,97,47,30
Ironman,geniu engin energi weapon missil launcher,Male,simpli draw return probabl much hold model marriag necessari parti follow polit ironman save day,True,7,74,100,60
Spiderman,adher surfac via static silk format,Male,attent share debat democrat thank forget challeng abl teach spiderman save day,True,5,54,81,94
Spiderman,,Male,consid one play man girl four prove tax form realli spiderman save day,True,3,57,71,92
Captain America,vibranium shield masteri perfect ricochet physic knowledg offens defens throw,Male,wonder recent question win realli forward play fish surfac lot friend captain america save day,False,9,86,74,83
Ironman,nanotechnolog suit super strength flight,Male,garden top grow could way truth idea direct road ironman save day,True,8,68,97,64
Ironman,repulsor blast cyberpath interfac unibeam devast concentr energi blast emit chest reactor,Male,news page peopl fight meet ironman save day,True,8,82,97,66
Ironman,repulsor blast cyberpath interfac unibeam devast concentr energi blast emit chest reactor,Male,window east ye current behind program decad home ironman save day,True,9,80,98,54
Ironman,power armor suit repulsor flight,Male,movement reach man sens feder someth other someon natur countri think join econom ironman save day,True,9,72,100,69
Hulk,gamma radiat empow massiv leap anger,Male,plan toward star best particularli structur ask stage box hulk save day,True,5,98,29,66
Ironman,repulsor blast cyberpath interfac unibeam devast concentr energi blast emit chest reactor,Male,act catch posit forget thu western environment ironman save day,True,10,74,98,67
Spiderman,,Male,campaign littl near enter institut deep much role spiderman save day,True,5,45,77,93
Spiderman,,Male,six tell activ includ singl right nice yeah drug minut rate colleg especi environment certainli cold spiderman save day,True,4,53,76,91
Ironman,geniu engin energi weapon missil launcher,Male,benefit probabl analysi visit condit blood court ironman save day,True,8,70,96,70
Black Widow,heal recov deep wound fractur trauma much faster normal human,Female,happen short variou night polit dark bill describ condit black widow save day,True,5,46,84,100
Captain America,went past leader ship qualiti worthi among aveng lift thor hammer,Male,grow bar success mention poor skill unit better captain america save day,True,7,88,82,72
Ironman,ai assist tactic analysi hack via system like jarvi friday,Male,abil price support road billion morn draw man art young republican behavior ironman save day,True,10,80,100,70
Hulk,thunderclap slam hand togeth creat shockwav deafen foe blow away target,Male,answer prepar fear say law work south writer hulk save day,True,4,100,57,61
Black Widow,elit spi tactician master psycholog manipul interrog stealth hack,Female,cultur despit candid walk difficult bank believ identifi thought black difficult continu process forget wind black widow save day,True,6,56,75,88
Captain America,master tactician combat strategi battlefield analysi leadership,Male,modern pressur run color hear region cup consid way late sport control arriv captain america save day,True,6,84,83,84
Hulk,gamma radiat empow massiv leap anger,Male,becom system clear singl expect sell pressur build make south financi rate hulk save day,True,4,97,38,66
Hulk,invulner skin resist nuclear blast artilleri shell extrem temperatur,Male,parent technolog age join increas teacher fish either boy collect centuri eight hulk save day,True,6,99,37,49
Captain America,immun fatigu metabol prevent lactic acid buildup allow endless fight,Male,concern research throughout mother kind answer play mission product process bill real captain america save day,True,7,80,77,78
Spiderman,great power come great respons leap extrem distanc flip effortlessli,Male,teach believ month amount deep test thought littl anoth avoid understand spiderman save day,True,2,64,66,100
Captain America,vibranium shield masteri perfect ricochet physic knowledg offens defens throw,Male,short popular help respons save high polit task speak differ break becom captain america save day,True,5,80,83,74
Captain America,peak human abil vibranium shield,Male,case receiv fact certain design secur across rise offer question write challeng wear interview captain america save day,True,6,84,82,88
Hulk,superhuman strength anger durabl heal factor,Male,door meet mean especi five network assum ahead plant trial affect never big sever hulk save day,True,6,98,44,43
Black Widow,widow bite wrist gauntlet deliv electr blast tear ga,Female,arriv manag scientist strong alreadi readi environment black widow save day,True,6,51,87,99
Ironman,geniu engin energi weapon missil launcher,Male,fish risk increas kitchen valu ironman save day,True,9,57,98,64
Spiderman,superhuman agil lift car punch wall strength cling wall,Male,centuri produc determin feel articl treatment person spiderman save day,True,4,51,93,95
Ironman,ai assist tactic analysi hack via system like jarvi friday,Male,occur style child guess far product outsid current agent color factor bank ironman save day,True,8,63,95,62
Captain America,enhanc strength endur martial art expert,Male,appear signific short hear draw instead writer front court protect captain america save day,True,8,89,72,80
Black Widow,widow bite wrist gauntlet deliv electr blast tear ga,Female,repres style night major smile rate newspap give agent hand black widow save day,True,6,65,89,87
Captain America,enhanc reflex see object slow motion dodg bullet,Male,manag region heavi wonder four still decis run special red captain america save day,True,7,77,80,78
Ironman,nanotechnolog suit super strength flight,Male,languag howev risk work militari year feel develop talk ironman save day,True,9,65,96,64
Hulk,gamma radiat empow massiv leap anger,Male,street two look listen along career choic leav tend time leg sport hulk save day,True,6,100,45,53
Spiderman,superhuman agil lift car punch wall strength cling wall,Male,suddenli current low occur offer yeah far within probabl ever rate spiderman save day,True,6,62,80,97
Spiderman,,Male,receiv catch relationship larg accept bad eight strong natur road month book explain feel spiderman save day,True,3,64,71,91
Hulk,gamma radiat empow massiv leap anger,Male,agenc someth variou subject east list strategi start mind door author outsid hulk save day,True,2,96,39,32
Black Widow,elit spi tactician master psycholog manipul interrog stealth hack,Female,tree right busi seri build major paint see first cours world son growth effort black widow save day,True,8,60,90,90
Ironman,ai assist tactic analysi hack via system like jarvi friday,Male,role minut question rather individu interview ironman save day,True,8,63,93,72
Spiderman,adher surfac via static silk format,Male,specif studi word base posit alway remain yard spiderman save day,True,7,60,83,95
Spiderman,superhuman agil lift car punch wall strength cling wall,Male,draw polic perform artist student matter movi spiderman save day,True,4,51,71,90
Hulk,power angryinfinit strength proport anger thunder clap,Male,centuri state visit qualiti car right least requir mission usual hulk save day,True,6,99,37,45
Hulk,invulner skin resist nuclear blast artilleri shell extrem temperatur,Male,resourc start paper success product wait real small dream need final hulk save day,True,5,96,31,63
Hulk,environment adapt surviv indefinit vacuum space deep ocean pressur,Male,sometim determin sourc intern specif word question food wish offic case student soldier share friend hulk save day,True,4,98,47,52
Hulk,gamma radiat empow massiv leap anger,Male,interview summer employe offer perhap pass market role marriag space hulk save day,True,3,98,60,37
Spiderman,great power come great respons leap extrem distanc flip effortlessli,Male,glass news boy everyth difficult invest night spiderman save day,True,5,53,75,96
Black Widow,widow bite wrist gauntlet deliv electr blast tear ga,Female,seriou often social reveal hand prevent center lot enough form black widow save day,True,7,66,76,84
Spiderman,regen heal recov broken bone injuri rapidli enhanc durabl,Male,human role fine fine effort well rather listen season head candid spiderman save day,True,4,57,77,91
Ironman,repulsor blast cyberpath interfac unibeam devast concentr energi blast emit chest reactor,Male,seriou learn leav agre break attack plant ye ironman save day,True,10,56,92,72
Black Widow,acrobat combat tactic geniu,Female,season tradit democrat congress piec forget factor includ agreement lead grow rais good whole black widow save day,True,8,58,82,89
Black Widow,expert marksman flawless accuraci firearm throw knive rang weapon,Female,deep book eye ten short worker without nearli goal design everyth side black widow save day,True,6,49,97,93
Black Widow,widow bite wrist gauntlet deliv electr blast tear ga,Female,littl key far season reason chair factor pm agreement deep black widow save day,False,3,56,88,91
Captain America,peak human abil vibranium shield,Male,outsid former offici white pattern industri class lawyer smile among detail develop discov captain america save day,True,8,90,78,79
Hulk,invulner skin resist nuclear blast artilleri shell extrem temperatur,Male,book everyon matter color creat school public owner compar open second camera valu hulk save day,True,5,99,51,67
Captain America,pound snap steel chain,Male,surfac though decid bank like profession ask meet seem captain america save day,True,6,86,81,78
Spiderman,superhuman agil lift car punch wall strength cling wall,Male,begin heavi law church find food spiderman save day,True,6,61,90,91
Spiderman,adher surfac via static silk format,Male,truth major born guy world southern dream drive note bad rule staff within mouth spiderman save day,True,2,54,71,99
Ironman,advanc durabl shell made alloy resist missil energi attack,Male,clearli difficult impact understand wear develop provid dark ironman save day,True,9,76,98,62
Hulk,invulner skin resist nuclear blast artilleri shell extrem temperatur,Male,color note add moment signific still manag differ data watch spend hulk save day,True,6,99,36,43
Spiderman,superhuman agil lift car punch wall strength cling wall,Male,wear current charg call prove spiderman save day,True,4,62,76,98
Spiderman,great power come great respons leap extrem distanc flip effortlessli,Male,like see appear weight differ attent whatev american spiderman save day,True,4,53,68,91
Ironman,nanotechnolog suit super strength flight,Male,next low write offic similar huge catch tell budget discov situat ironman save day,True,7,67,96,63
Spiderman,intellect web shooter,Male,field train deep coupl scientist section senior trial receiv region howev dream spiderman save day,True,1,68,83,86
Hulk,power angryinfinit strength proport anger thunder clap,Male,mission wide common fight season budget campaign reason read film decid wonder interest sever born affect hulk save day,True,4,98,48,59
Black Widow,heal recov deep wound fractur trauma much faster normal human,Female,although interest color sort maintain see natur human black widow save day,True,5,45,86,91
Hulk,invulner skin resist nuclear blast artilleri shell extrem temperatur,Male,bank occur agent scene within interest avoid econom clearli financi person benefit hulk save day,False,6,100,21,38
Captain America,master tactician combat strategi battlefield analysi leadership,Male,site medic environ probabl film total train pull train allow ago captain america save day,True,4,83,81,82
Spiderman,intellect web shooter,Male,bill eight commun check servic away week physic less spiderman save day,True,2,55,75,95
Hulk,superhuman strength anger durabl heal factor,Male,note garden reason commun prove school republican student boy foot best knowledg hulk save day,True,5,97,46,72
Spiderman,regen heal recov broken bone injuri rapidli enhanc durabl,Male,scienc readi bad seat gener best discuss away paint pass spiderman save day,True,4,63,74,99
Hulk,invulner skin resist nuclear blast artilleri shell extrem temperatur,Male,cover agenc begin voic prevent structur wear point remain build task hulk save day,True,4,97,35,41
Hulk,power angryinfinit strength proport anger thunder clap,Male,kitchen agent lot matter coupl type run model hulk save day,True,6,97,30,43
Black Widow,widow bite wrist gauntlet deliv electr blast tear ga,Female,learn wide offic heavi involv develop imag everyth expect reflect black widow save day,True,5,36,83,91
Black Widow,acrobat combat tactic geniu,Female,someon onto form sign option everyon southern black widow save day,True,3,47,92,99
Captain America,peak human abil vibranium shield,Male,surfac alon woman media hair name institut war feel watch captain america save day,True,9,82,73,88
Spiderman,,Male,allow fire onto sell requir huge babi class drive strong home spiderman save day,True,1,73,76,94
Ironman,advanc durabl shell made alloy resist missil energi attack,Male,read live mayb paint republican hear system man ironman save day,True,9,80,95,65
Black Widow,elit spi tactician master psycholog manipul interrog stealth hack,Female,let alway test least anyon hard intern push short age environ fall black widow save day,True,4,47,86,92
Captain America,master tactician combat strategi battlefield analysi leadership,Male,thousand hospit individu ye final american mind ga partner item lawyer captain america save day,True,5,88,73,75
Black Widow,multilingu fluent dozen languag global undercov oper,Female,way agent test take decad cup side opportun wide black widow save day,True,5,50,89,86
Captain America,pound snap steel chain,Male,paint inform child yeah ago page back bodi natur polici guy four captain america save day,True,6,86,89,85
Ironman,power armor suit repulsor flight,Male,coupl gener pretti show colleg glass start sort perhap key ironman save day,True,9,68,97,52
Black Widow,multilingu fluent dozen languag global undercov oper,Female,particular year sell short issu everybodi later thing school practic author possibl fund month black widow save day,True,5,63,79,93
Captain America,indomit expert tactician shield throw,Male,wall tax plant polic offici alreadi second could recent similar democrat decid cours captain america save day,True,7,78,82,70
Ironman,power armor suit repulsor flight,Male,servic test start middl citi find medic career surfac ahead cover strategi student ironman save day,True,9,60,97,51
Hulk,thunderclap slam hand togeth creat shockwav deafen foe blow away target,Male,item employe finish without materi wind exactli guess involv total enjoy stop unit might job hulk save day,True,5,98,27,42
Ironman,repulsor blast cyberpath interfac unibeam devast concentr energi blast emit chest reactor,Male,sort spend offer reason none ironman save day,True,9,70,98,74
Spiderman,superhuman agil lift car punch wall strength cling wall,Male,behind probabl great tell approach presid posit art rock spiderman save day,False,4,58,67,90
Ironman,ai assist tactic analysi hack via system like jarvi friday,Male,attent car admit mission train rang step paint concern top outsid mother sell behavior ironman save day,True,10,67,98,67
Captain America,vibranium shield masteri perfect ricochet physic knowledg offens defens throw,Male,invest vote hospit road idea fish citizen discuss report call brother offic hot sever true captain america save day,True,7,80,80,82
Ironman,ai assist tactic analysi hack via system like jarvi friday,Male,run nation somebodi charact usual agenc must player realli act ironman save day,True,9,79,99,69
Spiderman,adher surfac via static silk format,Male,howev similar ahead event yeah make green wait quickli produc beat peac someth requir bank spiderman save day,True,5,61,72,94
Black Widow,heal recov deep wound fractur trauma much faster normal human,Female,billion young owner guy thank professor student white instead point tend exactli right everi black widow save day,True,7,60,85,93
Spiderman,intellect web shooter,Male,region particularli would pressur account stage feder profession voic care break blood network even paint spiderman save day,True,4,64,75,98
Ironman,geniu engin energi weapon missil launcher,Male,consum face pm pay even perform could affect ironman save day,True,7,52,100,56
Captain America,went past leader ship qualiti worthi among aveng lift thor hammer,Male,visit seat break happi tabl west offic abil artist movi suggest woman floor half quickli someon captain america save day,True,7,78,85,72
Black Widow,master spi martial artist expert marksman,Female,inform languag easi interest comput produc girl huge campaign think black widow save day,True,6,47,84,88
Ironman,repulsor blast cyberpath interfac unibeam devast concentr energi blast emit chest reactor,Male,worker troubl exactli develop offic approach son long must ironman save day,True,8,75,98,57
Hulk,superhuman strength anger durabl heal factor,Male,fish high nation product littl could style child young prove care author administr hulk save day,False,3,100,34,59
Hulk,power angryinfinit strength proport anger thunder clap,Male,decis back word els pull adult hous actual hulk save day,True,3,98,54,54
Black Widow,acrobat combat tactic geniu,Female,special opportun seriou game stop role save arm bodi black widow save day,True,8,59,91,86
Ironman,power armor suit repulsor flight,Male,idea seek reason theori lawyer maintain old ironman save day,False,10,71,100,53
Captain America,immun fatigu metabol prevent lactic acid buildup allow endless fight,Male,media left avail reason see high second talk howev action captain america save day,True,7,99,82,78
Spiderman,great power come great respons leap extrem distanc flip effortlessli,Male,parti poor ago upon stop environ congress reflect final fund accept thank husband center plan spiderman save day,True,7,67,90,91
Hulk,power angryinfinit strength proport anger thunder clap,Male,medic onto rate two tabl resourc life third rich hospit hulk save day,True,2,99,27,58
Spiderman,intellect web shooter,Male,histori profession star wonder manag alreadi mayb opportun thank key moment spiderman save day,False,6,60,68,96
Captain America,vibranium shield masteri perfect ricochet physic knowledg offens defens throw,Male,could board notic later thu behavior bit need allow readi major cost attorney captain america save day,True,7,75,79,75
Ironman,nanotechnolog suit super strength flight,Male,bad know materi firm wonder seat adult idea ironman save day,True,10,58,99,70
Black Widow,widow bite wrist gauntlet deliv electr blast tear ga,Female,young piec safe much build sometim parent process black widow save day,True,5,48,87,89
Hulk,power angryinfinit strength proport anger thunder clap,Male,low happi oil bag room money teacher seek evid might model particular earli piec hulk save day,True,3,95,49,70
Spiderman,superhuman agil lift car punch wall strength cling wall,Male,accord land environ form old end growth door properti spiderman save day,True,5,50,92,95
Spiderman,adher surfac via static silk format,Male,treat seat strategi total simpli discov soon spiderman save day,True,3,55,80,97
Captain America,enhanc strength endur martial art expert,Male,sea secur recogn feder front sit receiv expert choos thing allow seem captain america save day,True,6,88,78,79
Hulk,superhuman strength anger durabl heal factor,Male,polic two everybodi interview tough show food class hulk save day,True,5,95,36,40
Spiderman,regen heal recov broken bone injuri rapidli enhanc durabl,Male,growth time mr point shoulder price great posit worker spiderman save day,True,3,68,68,100
Ironman,geniu engin energi weapon missil launcher,Male,open cold statement fear fact road other full thousand ironman save day,True,9,73,100,66
Ironman,repulsor blast cyberpath interfac unibeam devast concentr energi blast emit chest reactor,Male,staff true argu detail suffer someth great stuff suddenli compar south recent trial ironman save day,True,10,60,94,59
Hulk,environment adapt surviv indefinit vacuum space deep ocean pressur,Male,score inde kind clearli road today rock increas structur centuri field write hulk save day,True,6,97,22,65
Spiderman,,Male,store rang wonder long consid care respond want alreadi spiderman save day,True,4,55,73,85
Black Widow,widow bite wrist gauntlet deliv electr blast tear ga,Female,enough mother game question person born seri consid accord throw black widow save day,True,4,49,76,93
Hulk,environment adapt surviv indefinit vacuum space deep ocean pressur,Male,campaign hand special person hulk save day,True,4,98,48,39
Black Widow,master spi martial artist expert marksman,Female,lot hit help red near break brother past tough goal ga truth draw begin black widow save day,True,6,48,86,87
Hulk,thunderclap slam hand togeth creat shockwav deafen foe blow away target,Male,still group concern recent across leg view know develop exactli hulk save day,True,4,100,34,29
Spiderman,great power come great respons leap extrem distanc flip effortlessli,Male,republican point soldier meet build cut catch spiderman save day,True,4,56,70,91
Spiderman,intellect web shooter,Male,analysi hit health section ground attack drop price billion old seri card good full spiderman save day,True,4,58,79,98
Hulk,gamma radiat empow massiv leap anger,Male,fast send recent partner offer debat rang per friend usual method hulk save day,True,4,97,39,45
Captain America,enhanc reflex see object slow motion dodg bullet,Male,face low enter abl piec hour type upon captain america save day,True,6,77,77,78
Spiderman,great power come great respons leap extrem distanc flip effortlessli,Male,like allow explain execut teacher author enough social oper sound cup boy differ chanc enter spiderman save day,True,3,65,69,95
Black Widow,acrobat combat tactic geniu,Female,environment rock fund stand final import occur black widow save day,False,5,51,70,100
Black Widow,peak human condit espionag wrist stinger,Female,adult foot player ground alreadi school eat base behind risk plan issu black widow save day,True,7,51,87,94
Ironman,ai assist tactic analysi hack via system like jarvi friday,Male,number student price moment red eight hand ironman save day,True,8,73,96,61
Ironman,advanc durabl shell made alloy resist missil energi attack,Male,singl maintain piec comput play event seven collect ironman save day,True,9,58,99,61
Spiderman,great power come great respons leap extrem distanc flip effortlessli,Male,someon american mouth product attent posit actual inform spiderman save day,True,4,65,78,94
Ironman,geniu engin energi weapon missil launcher,Male,road product wait red bag cold billion ironman save day,True,7,61,100,59
Spiderman,intellect web shooter,Male,draw bring health center home other offer institut main spiderman save day,True,5,49,77,97
Black Widow,biochem enhanc longev red room serum slow age boost immun system,Female,larg practic time live relationship great western black widow save day,False,3,52,93,93
Black Widow,heal recov deep wound fractur trauma much faster normal human,Female,weight usual explain yard movement interest rest shoulder employe whether level yeah draw black widow save day,True,4,53,87,99
Captain America,immun fatigu metabol prevent lactic acid buildup allow endless fight,Male,former mayb simpl age somebodi local captain america save day,True,7,79,80,62
Ironman,advanc durabl shell made alloy resist missil energi attack,Male,chang tonight south sort outsid produc race return pretti ironman save day,True,9,72,96,59
Hulk,invulner skin resist nuclear blast artilleri shell extrem temperatur,Male,finish action across attack moment rate goal rise hulk save day,True,4,98,32,34
Captain America,vibranium shield masteri perfect ricochet physic knowledg offens defens throw,Male,reveal budget howev common seat simpli yard provid bed less stand place captain america save day,True,7,90,92,86
Ironman,power armor suit repulsor flight,Male,mouth phone decis pictur defens rate structur day stock scientist stage author rather ironman save day,True,8,72,96,82
Ironman,ai assist tactic analysi hack via system like jarvi friday,Male,girl team simpli lead build million firm across purpos beyond gun technolog cost ironman save day,True,10,68,97,57
Black Widow,biochem enhanc longev red room serum slow age boost immun system,Female,half understand skill air daughter idea health success perform black widow save day,True,5,49,86,98
Spiderman,intellect web shooter,Male,young howev mani view unit theori spiderman save day,True,4,52,71,96
Spiderman,superhuman agil lift car punch wall strength cling wall,Male,materi hit energi employe land experi troubl spiderman save day,True,3,58,68,89
Captain America,enhanc strength endur martial art expert,Male,color race coach forward lay program window captain america save day,True,7,87,75,75
Spiderman,intellect web shooter,Male,larg admit famili identifi profession hard network ga nearli goal law fill spiderman save day,True,5,64,82,99
Ironman,advanc durabl shell made alloy resist missil energi attack,Male,kind hand employe field spring summer ga ironman save day,True,9,89,96,72
Black Widow,peak human condit espionag wrist stinger,Female,polit sound studi train reveal attorney secur radio imag mind like histori black widow save day,True,6,55,77,86
Spiderman,,Male,relationship million night long heavi least spiderman save day,True,2,57,75,100
Hulk,power angryinfinit strength proport anger thunder clap,Male,laugh drive next actual rule wear car fast hulk save day,True,6,100,27,42
Ironman,nanotechnolog suit super strength flight,Male,million newspap might piec fact huge fight ironman save day,True,9,88,98,59
Captain America,enhanc strength endur martial art expert,Male,voic onto mayb rang everi account central ask human space moment travel least offic captain america save day,True,7,89,78,76
Ironman,nanotechnolog suit super strength flight,Male,key discov method exactli chang church stage produc ironman save day,True,9,68,99,72
Spiderman,,Male,church whether bag control organ push dog build three east organ peopl inform mission spiderman save day,True,5,57,75,87
Black Widow,peak human condit espionag wrist stinger,Female,manag properti hospit recent blue indic interest agreement lead action popul throw peopl amount black widow save day,True,7,46,85,95
Captain America,went past leader ship qualiti worthi among aveng lift thor hammer,Male,add good report simpl tax total rate rock without task captain america save day,True,6,87,77,75
Black Widow,expert marksman flawless accuraci firearm throw knive rang weapon,Female,center seat drive memori record custom lose face beyond black widow save day,True,4,68,78,92
Hulk,environment adapt surviv indefinit vacuum space deep ocean pressur,Male,today star serv success assum like busi teacher forget includ decid decad hulk save day,True,5,99,44,39
Hulk,invulner skin resist nuclear blast artilleri shell extrem temperatur,Male,rememb special accept mean within provid car throughout american confer colleg manag fund life bed hulk save day,True,4,94,38,69
Captain America,peak human abil vibranium shield,Male,matter probabl great differ intern sell sever captain america save day,True,6,93,91,75
Spiderman,regen heal recov broken bone injuri rapidli enhanc durabl,Male,increas former letter artist strategi hope show watch spiderman save day,True,3,61,77,92
Spiderman,great power come great respons leap extrem distanc flip effortlessli,Male,recent feel stock ball yard practic help live pm reflect bar suddenli spiderman save day,True,4,68,70,89
Ironman,geniu engin energi weapon missil launcher,Male,goal heart stock small offici serv difficult later son almost end ironman save day,False,9,73,96,64
Black Widow,widow bite wrist gauntlet deliv electr blast tear ga,Female,price prevent babi voic day relat spend today teach kitchen happen necessari black widow save day,True,8,47,83,93
Captain America,enhanc reflex see object slow motion dodg bullet,Male,profession opportun blood across system firm staff father despit quit challeng exist section support still captain america save day,True,7,88,75,83
Captain America,enhanc strength endur martial art expert,Male,visit town student bed administr usual billion seek perhap name plant south properti captain america save day,True,5,70,77,83
Black Widow,master spi martial artist expert marksman,Female,along play account carri heavi wall pull enter charg sport safe execut cup week tax black widow save day,True,6,54,96,95
Spiderman,superhuman agil lift car punch wall strength cling wall,Male,fill mayb time region financi brother troubl far pass despit card check secur spiderman save day,True,5,65,78,95
Ironman,advanc durabl shell made alloy resist missil energi attack,Male,respond box servic develop game stop factor miss reduc anim clearli ironman save day,True,10,62,96,47
Captain America,enhanc strength endur martial art expert,Male,toward call meet green loss per control case analysi camera captain america save day,True,7,79,84,89
Hulk,invulner skin resist nuclear blast artilleri shell extrem temperatur,Male,win inform though red return finish gener still particular chair identifi popular thought hulk save day,False,6,95,46,55
Captain America,indomit expert tactician shield throw,Male,suddenli weight health radio media enjoy radio per popular scientist start account tabl captain america save day,True,5,94,85,80
Spiderman,great power come great respons leap extrem distanc flip effortlessli,Male,better present music address behavior send door imag loss ten total clearli abl hospit unit spiderman save day,True,5,54,77,100
Spiderman,regen heal recov broken bone injuri rapidli enhanc durabl,Male,guess occur level work candid assum spiderman save day,False,5,53,76,94
Ironman,ai assist tactic analysi hack via system like jarvi friday,Male,chair coach two might wide point road start water describ paper like loss ironman save day,True,7,50,98,84
Ironman,ai assist tactic analysi hack via system like jarvi friday,Male,list common idea peac race real littl environment head full soldier financi ironman save day,True,9,64,97,82
Captain America,vibranium shield masteri perfect ricochet physic knowledg offens defens throw,Male,usual list front invest three stage wait professor captain america save day,True,6,82,81,82
Black Widow,widow bite wrist gauntlet deliv electr blast tear ga,Female,role today anim suggest concern act million cell like although black widow save day,True,4,59,81,91
Spiderman,superhuman agil lift car punch wall strength cling wall,Male,charact young lot far turn beat stori role give ga six miss give best spiderman save day,True,4,60,92,94
Spiderman,superhuman agil lift car punch wall strength cling wall,Male,middl drop centuri invest pass drive indic professor beat window attack moment medic write never hospit spiderman save day,True,7,60,70,95
Captain America,indomit expert tactician shield throw,Male,growth nation free push econom seat shoulder suddenli captain america save day,True,8,89,75,80
Captain America,master tactician combat strategi battlefield analysi leadership,Male,defens lose shoulder spring southern heavi hundr step accord act group never central key place tree captain america save day,True,5,87,83,79
Spiderman,intellect web shooter,Male,six child hope guess wall know seven spiderman save day,True,5,46,65,97
Ironman,nanotechnolog suit super strength flight,Male,glass third profession former famili wear peac littl ironman save day,True,9,70,96,59
Captain America,peak human abil vibranium shield,Male,citi follow behavior agent activ show check peac win occur agent safe work play captain america save day,True,6,85,74,78
Captain America,indomit expert tactician shield throw,Male,impact particularli foot arm staff station despit whole comput captain america save day,True,6,82,76,85
Captain America,master tactician combat strategi battlefield analysi leadership,Male,product usual specif repres babi abl valu chanc pretti floor hospit return size long captain america save day,True,7,86,83,100
Captain America,enhanc strength endur martial art expert,Male,chair someth event better woman develop weight situat money captain america save day,True,7,87,80,83
Black Widow,expert marksman flawless accuraci firearm throw knive rang weapon,Female,properti decad safe order sens cell lose civil within hospit citi industri black widow save day,True,5,58,89,91
Hulk,gamma radiat empow massiv leap anger,Male,sound item music custom person law shake congress affect reflect televis offic defens hulk save day,True,7,99,49,64
Black Widow,multilingu fluent dozen languag global undercov oper,Female,polici forget project economi ground actual requir magazin one determin black widow save day,True,7,45,83,88
Spiderman,intellect web shooter,Male,offic tradit heart walk cup option store drug recent feel rang spiderman save day,True,5,53,67,96
Black Widow,acrobat combat tactic geniu,Female,activ presid prove institut approach interest score break southern tradit mayb sit republican black widow save day,True,5,57,84,93
Spiderman,great power come great respons leap extrem distanc flip effortlessli,Male,left southern rich staff second offici gener ye variou attorney valu spiderman save day,True,5,68,63,100
Black Widow,peak human condit espionag wrist stinger,Female,meet open war best father game today oil interview follow black widow save day,True,6,37,88,92
Spiderman,great power come great respons leap extrem distanc flip effortlessli,Male,caus nation contain threat wrong whatev model stuff avoid spiderman save day,True,3,65,73,93
Spiderman,intellect web shooter,Male,eat coupl larg instead everyth econom type kitchen spiderman save day,True,6,70,74,99
Hulk,superhuman strength anger durabl heal factor,Male,media hot manag wife pay good within fli agreement hulk save day,True,3,100,40,49
Spiderman,intellect web shooter,Male,focu earli variou everyth late seek properti manag foot spiderman save day,True,5,50,76,96
Black Widow,elit spi tactician master psycholog manipul interrog stealth hack,Female,mind offic third servic capit instead product often variou alon town answer cup consid central black widow save day,True,5,58,74,91
Black Widow,multilingu fluent dozen languag global undercov oper,Female,mission articl dinner one ok less mr sit five black widow save day,True,6,54,80,95
Hulk,superhuman strength anger durabl heal factor,Male,share fund pass guy job market suggest skin subject movi explain answer hulk save day,True,6,97,43,48
Black Widow,heal recov deep wound fractur trauma much faster normal human,Female,readi cell show recogn school whatev guess signific section democrat black widow save day,True,6,60,80,93
Hulk,invulner skin resist nuclear blast artilleri shell extrem temperatur,Male,success knowledg fight car smile commerci employe machin wife show anoth good lay coach hulk save day,True,2,99,29,52
Ironman,power armor suit repulsor flight,Male,throughout parti activ variou measur light mani close seem fli former everyth medic nearli ironman save day,True,10,74,97,72
Captain America,indomit expert tactician shield throw,Male,societi act social stand system captain america save day,True,4,82,79,74
Black Widow,elit spi tactician master psycholog manipul interrog stealth hack,Female,brother yet result even follow threat coach face rate black widow save day,True,6,51,91,88
Ironman,repulsor blast cyberpath interfac unibeam devast concentr energi blast emit chest reactor,Male,artist product candid factor surfac unit hotel stori laugh want carri show board ironman save day,True,9,66,98,75
Spiderman,regen heal recov broken bone injuri rapidli enhanc durabl,Male,understand door class son comput includ confer site spiderman save day,True,4,63,88,95
Black Widow,multilingu fluent dozen languag global undercov oper,Female,stori art writer health yet black widow save day,True,5,54,83,87
Hulk,thunderclap slam hand togeth creat shockwav deafen foe blow away target,Male,speak person expert bar measur surfac everyon car exactli tax add hulk save day,True,5,100,12,58
Black Widow,expert marksman flawless accuraci firearm throw knive rang weapon,Female,oper foreign nation produc news black widow save day,True,4,58,85,84
Ironman,ai assist tactic analysi hack via system like jarvi friday,Male,first next popular girl run help right economi ironman save day,True,9,73,100,70
Ironman,ai assist tactic analysi hack via system like jarvi friday,Male,activ store work candid statement head piec popular old ironman save day,True,9,71,97,66
Spiderman,great power come great respons leap extrem distanc flip effortlessli,Male,ever back experi even floor music catch discuss realli relationship spiderman save day,True,5,62,76,96
Black Widow,widow bite wrist gauntlet deliv electr blast tear ga,Female,term produc increas church common view whole score special black widow save day,True,5,49,84,91
Ironman,power armor suit repulsor flight,Male,nearli suddenli includ plan step food drive nation heart nearli season ironman save day,True,10,80,100,69
Hulk,power angryinfinit strength proport anger thunder clap,Male,trial togeth individu analysi yard safe mean intern hour hulk save day,True,4,97,23,40
Black Widow,multilingu fluent dozen languag global undercov oper,Female,situat former threat alon trial anoth black widow save day,True,6,61,78,92
Black Widow,peak human condit espionag wrist stinger,Female,piec scientist job seriou record safe rich oper star meet charg account black widow save day,True,6,58,85,91
Captain America,vibranium shield masteri perfect ricochet physic knowledg offens defens throw,Male,continu way hair fight best add necessari technolog former scientist guess singl captain america save day,True,7,86,82,68
Black Widow,biochem enhanc longev red room serum slow age boost immun system,Female,medic back daughter stop race author black widow save day,True,5,68,82,92
Spiderman,regen heal recov broken bone injuri rapidli enhanc durabl,Male,month polic other particularli girl suddenli pay sport relationship father pass care spiderman save day,True,3,58,74,97
Black Widow,widow bite wrist gauntlet deliv electr blast tear ga,Female,senior agre total whether music sometim accord strategi ago data walk number rule minut store black widow save day,True,7,56,78,89
Black Widow,acrobat combat tactic geniu,Female,movi singl book particularli music wear black widow save day,True,7,52,85,87
Hulk,environment adapt surviv indefinit vacuum space deep ocean pressur,Male,foreign break exist outsid find wish know network hulk save day,True,3,96,48,47
Black Widow,widow bite wrist gauntlet deliv electr blast tear ga,Female,care owner pm find light total campaign prevent half parti respond local see black widow save day,True,7,56,77,91
Black Widow,acrobat combat tactic geniu,Female,success minut figur need right small along dog black widow save day,True,6,48,77,93
Hulk,thunderclap slam hand togeth creat shockwav deafen foe blow away target,Male,project chanc road becom person perhap hold fund anim provid kitchen everyon hulk save day,True,6,96,34,36
Black Widow,master spi martial artist expert marksman,Female,sever reveal colleg beyond give develop inform less inde togeth black widow save day,True,4,44,81,96
Spiderman,,Male,cell year doctor troubl offic offic signific stand spiderman save day,True,4,65,87,99
Black Widow,elit spi tactician master psycholog manipul interrog stealth hack,Female,confer huge militari blood south get run pretti identifi southern claim medic black widow save day,True,5,60,87,93
Spiderman,,Male,noth seriou compar task today still middl beauti protect continu cell spiderman save day,True,2,71,79,94
Black Widow,heal recov deep wound fractur trauma much faster normal human,Female,sens past drug mention camera black widow save day,True,4,50,81,95
Black Widow,widow bite wrist gauntlet deliv electr blast tear ga,Female,tv billion sport thought famili bank black widow save day,False,6,55,86,92
Captain America,vibranium shield masteri perfect ricochet physic knowledg offens defens throw,Male,deep sinc necessari boy task wear go soldier less tradit popul six captain america save day,True,8,82,77,86
Spiderman,regen heal recov broken bone injuri rapidli enhanc durabl,Male,surfac expect sever even town challeng join watch develop later glass ago appli mayb dog spiderman save day,True,3,65,77,91
Ironman,ai assist tactic analysi hack via system like jarvi friday,Male,clearli letter imag movi debat final enter ironman save day,True,9,70,95,70
Captain America,enhanc reflex see object slow motion dodg bullet,Male,industri leader keep govern light expert weight minut respons director player beauti figur side suddenli captain america save day,True,6,84,79,77
Spiderman,superhuman agil lift car punch wall strength cling wall,Male,last special prepar focu littl charact artist spiderman save day,True,2,70,77,92
Hulk,invulner skin resist nuclear blast artilleri shell extrem temperatur,Male,condit structur record pattern fine stage requir provid move wind sens hulk save day,True,3,100,35,52
Hulk,thunderclap slam hand togeth creat shockwav deafen foe blow away target,Male,event address perform method deal go five center region hulk save day,True,6,100,49,44
Captain America,indomit expert tactician shield throw,Male,pattern food worri voic sea say first charact learn challeng ten box wide imag minut captain america save day,True,4,80,77,91
Hulk,invulner skin resist nuclear blast artilleri shell extrem temperatur,Male,fight imag base player data whose health world site hulk save day,True,1,100,35,39
Captain America,enhanc reflex see object slow motion dodg bullet,Male,seven method finish want remain pretti summer black candid true histori laugh per data hundr attent captain america save day,True,6,81,82,77
Captain America,vibranium shield masteri perfect ricochet physic knowledg offens defens throw,Male,red natur best food social tend approach variou fight pressur captain america save day,True,7,88,73,78
Spiderman,regen heal recov broken bone injuri rapidli enhanc durabl,Male,televis answer pretti event son join hundr keep fund cost realiti spiderman save day,False,5,62,96,99
Spiderman,superhuman agil lift car punch wall strength cling wall,Male,light key continu anyth wait local spiderman save day,True,6,65,72,98
Spiderman,adher surfac via static silk format,Male,surfac life cover class learn either control say spiderman save day,False,5,75,69,90
Hulk,gamma radiat empow massiv leap anger,Male,condit republican inform final shoulder land phone brother capit hulk save day,True,6,97,38,88
Black Widow,elit spi tactician master psycholog manipul interrog stealth hack,Female,line rang decis public food court commerci citizen product might listen organ black widow save day,True,5,52,79,87
Ironman,power armor suit repulsor flight,Male,professor power appear person rise sens invest believ degre back order ironman save day,True,8,67,95,57
Captain America,peak human abil vibranium shield,Male,wish south abl structur understand captain america save day,False,7,86,90,86
Black Widow,widow bite wrist gauntlet deliv electr blast tear ga,Female,agent particip space member sit meet ok gener democrat store allow risk high young bad back black widow save day,True,7,67,76,87
Captain America,immun fatigu metabol prevent lactic acid buildup allow endless fight,Male,behavior manag guess stuff hospit make avail captain america save day,True,7,90,71,75
Spiderman,adher surfac via static silk format,Male,societi instead high wife team activ spiderman save day,True,4,51,80,90
Black Widow,elit spi tactician master psycholog manipul interrog stealth hack,Female,star success nation start race teacher pay player black widow save day,True,7,54,82,83
Spiderman,regen heal recov broken bone injuri rapidli enhanc durabl,Male,fish sens kind spring throughout interview trade knowledg citi technolog late seem style everyon sing machin spiderman save day,True,5,66,66,89
Hulk,gamma radiat empow massiv leap anger,Male,comput alway cours receiv piec grow plan hulk save day,True,2,99,35,51
Captain America,enhanc strength endur martial art expert,Male,educ whose probabl final road becom player sinc gener captain america save day,True,6,84,76,66
Ironman,power armor suit repulsor flight,Male,beauti news need task mind true actual red ironman save day,True,10,63,100,66
Ironman,repulsor blast cyberpath interfac unibeam devast concentr energi blast emit chest reactor,Male,agenc might side method meet main fast prepar fli bank benefit ironman save day,True,8,78,97,74
Captain America,peak human abil vibranium shield,Male,boy lawyer nation certainli degre noth write similar artist speak smile without degre captain america save day,True,5,80,79,80
Hulk,invulner skin resist nuclear blast artilleri shell extrem temperatur,Male,fine futur player age three music els strategi fight institut measur rule success employe medic hulk save day,True,4,98,47,46
Captain America,enhanc strength endur martial art expert,Male,exist process attorney arm million commerci teacher improv church book movi long captain america save day,True,6,92,72,84
Captain America,went past leader ship qualiti worthi among aveng lift thor hammer,Male,rememb interest church win miss within deep peopl despit contain captain america save day,True,8,89,85,77
Black Widow,biochem enhanc longev red room serum slow age boost immun system,Female,rock base kitchen everi cup measur common section studi black widow save day,True,7,55,86,96
Ironman,repulsor blast cyberpath interfac unibeam devast concentr energi blast emit chest reactor,Male,order execut rang loss everybodi foot everybodi prevent weight prepar ironman save day,True,10,82,96,68
Captain America,pound snap steel chain,Male,reason fish involv player tv sever onto take famili chanc easi pictur captain america save day,True,9,91,72,84
Ironman,ai assist tactic analysi hack via system like jarvi friday,Male,whole approach season data team kitchen difficult plant rememb happi open ironman save day,True,9,61,98,54
Hulk,power angryinfinit strength proport anger thunder clap,Male,chanc subject fund heart move coach paper cost bring site final hulk save day,True,5,100,29,63
Spiderman,,Male,fear owner friend lawyer polit modern spiderman save day,True,6,52,81,100
Captain America,enhanc reflex see object slow motion dodg bullet,Male,standard note wrong structur moment cold chair captain america save day,True,3,83,73,70
Captain America,went past leader ship qualiti worthi among aveng lift thor hammer,Male,charg daughter also type watch school forget everyth poor captain america save day,True,5,85,74,81
Black Widow,acrobat combat tactic geniu,Female,bar street budget kitchen report fire teach everyon system black widow save day,True,6,55,84,86
Hulk,environment adapt surviv indefinit vacuum space deep ocean pressur,Male,bank box product confer consid hotel bar theori fear onto lawyer prove perhap enter hulk save day,True,7,97,47,34
Black Widow,peak human condit espionag wrist stinger,Female,side gener interest pay turn cours hear valu yet cultur guess crime black widow save day,True,7,57,88,97
Hulk,invulner skin resist nuclear blast artilleri shell extrem temperatur,Male,would whether seri import trial increas new report sens carri control high network hulk save day,True,3,96,34,66
Spiderman,great power come great respons leap extrem distanc flip effortlessli,Male,beyond side accept nearli upon imagin variou local current white fli posit tradit spiderman save day,True,6,53,75,93
Spiderman,intellect web shooter,Male,bodi scientist dream anyth toward difficult beyond form spiderman save day,True,5,61,71,91
Captain America,immun fatigu metabol prevent lactic acid buildup allow endless fight,Male,name bill though inde abil differ dinner captain america save day,True,4,74,76,82
Black Widow,widow bite wrist gauntlet deliv electr blast tear ga,Female,leader rememb sell seriou garden readi former late black widow save day,True,5,59,87,96
Captain America,enhanc strength endur martial art expert,Male,fact perhap vote alway requir rais dream young parent note ye captain america save day,True,8,83,86,73
Captain America,enhanc reflex see object slow motion dodg bullet,Male,evid recogn spring happi peac captain america save day,True,7,89,73,82
Ironman,nanotechnolog suit super strength flight,Male,presid report paint hous thought sit voic secur minut late cold take ironman save day,True,10,71,97,66
Hulk,superhuman strength anger durabl heal factor,Male,decid edg pattern three law bit appear mr citizen ahead method hulk save day,True,3,99,50,41
Ironman,ai assist tactic analysi hack via system like jarvi friday,Male,top much abil visit question issu insid recent ironman save day,True,8,78,97,58
Spiderman,adher surfac via static silk format,Male,half usual custom young confer agre road wall decid someth stori attorney spiderman save day,True,5,54,76,91
Spiderman,great power come great respons leap extrem distanc flip effortlessli,Male,allow check last know babi case happen fire everyth whether ago spiderman save day,True,5,53,85,97
Black Widow,widow bite wrist gauntlet deliv electr blast tear ga,Female,event keep eye truth writer send project cell deal black widow save day,True,8,49,82,91
Captain America,pound snap steel chain,Male,stori case pressur full decis lay captain america save day,True,6,84,81,77
Spiderman,adher surfac via static silk format,Male,garden great sign return poor realli particular court east newspap differ win father eye debat spiderman save day,True,5,58,80,86
Black Widow,elit spi tactician master psycholog manipul interrog stealth hack,Female,show great test check signific deal consid ago black widow save day,True,7,45,80,90
Spiderman,,Male,import man report kitchen cold somebodi determin allow differ eye sit signific spiderman save day,True,4,46,78,95
Captain America,went past leader ship qualiti worthi among aveng lift thor hammer,Male,special produc wait young think assum certain court captain america save day,True,6,89,77,70
Ironman,repulsor blast cyberpath interfac unibeam devast concentr energi blast emit chest reactor,Male,head garden box hundr lead structur readi long ironman save day,True,10,69,98,73
Ironman,repulsor blast cyberpath interfac unibeam devast concentr energi blast emit chest reactor,Male,pm report set old wall report purpos throw move institut actual ironman save day,True,9,69,96,62
Hulk,superhuman strength anger durabl heal factor,Male,leav institut parti approach might central stop later reveal singl hulk save day,True,4,100,33,40
Spiderman,great power come great respons leap extrem distanc flip effortlessli,Male,central parent sit alon attack sing hand spiderman save day,True,7,67,74,100
Spiderman,,Male,insid machin babi edg east person order crime blood fight spiderman save day,True,5,46,82,96
Ironman,nanotechnolog suit super strength flight,Male,repres stock seven put major offic environment increas later ironman save day,True,10,61,97,61
Hulk,invulner skin resist nuclear blast artilleri shell extrem temperatur,Male,page travel school process compar site door hulk save day,False,4,94,45,66
Ironman,advanc durabl shell made alloy resist missil energi attack,Male,avoid color heart rule natur togeth behavior order ironman save day,True,8,59,100,72
Hulk,thunderclap slam hand togeth creat shockwav deafen foe blow away target,Male,report even beauti theori stop modern compani hear also dark hulk save day,True,6,97,18,42
Black Widow,widow bite wrist gauntlet deliv electr blast tear ga,Female,noth organ seven challeng eye determin guy fact war citizen black widow save day,True,4,38,89,88
Captain America,enhanc strength endur martial art expert,Male,term boy describ foreign detail road vote environ loss well captain america save day,True,7,83,79,76
Black Widow,acrobat combat tactic geniu,Female,hour author major scienc develop part hard fund statement particular seem trip popul catch black widow save day,True,8,48,80,95
Black Widow,biochem enhanc longev red room serum slow age boost immun system,Female,exactli radio ever side fast number black widow save day,True,6,53,79,96
Black Widow,expert marksman flawless accuraci firearm throw knive rang weapon,Female,behind hard effect tv parent almost ever long analysi receiv educ person black widow save day,True,4,54,82,85
Spiderman,great power come great respons leap extrem distanc flip effortlessli,Male,consid item treat area buy check clearli follow rememb gener wait thu suffer economi play spiderman save day,True,5,52,75,98
Captain America,went past leader ship qualiti worthi among aveng lift thor hammer,Male,matter wrong republican social two notic edg behind captain america save day,True,8,95,70,68
Hulk,power angryinfinit strength proport anger thunder clap,Male,plant religi risk window partner civil nearli analysi color friend televis class hulk save day,True,5,97,37,31
Captain America,peak human abil vibranium shield,Male,assum big difficult per respond hot big safe environment captain america save day,True,8,79,82,78
Captain America,indomit expert tactician shield throw,Male,respons degre noth focu discuss exist captain america save day,True,8,85,68,73
Captain America,pound snap steel chain,Male,north anim fire want across ground execut huge crime sell rise wind reflect captain america save day,True,8,82,83,78
Black Widow,elit spi tactician master psycholog manipul interrog stealth hack,Female,gener leader pay tri tough usual star notic american forc although black widow save day,True,6,49,85,93
Ironman,geniu engin energi weapon missil launcher,Male,abl teach activ anim hair turn condit whether along sort research pretti differ eat troubl ironman save day,True,8,72,97,74
Captain America,enhanc strength endur martial art expert,Male,minut within possibl eye agenc suggest former captain america save day,True,5,82,74,83
Black Widow,peak human condit espionag wrist stinger,Female,soldier number yet past much soldier reason black widow save day,True,5,49,86,93
Captain America,enhanc reflex see object slow motion dodg bullet,Male,western hair film standard materi increas goal stock intern wind captain america save day,False,8,82,79,87
Black Widow,acrobat combat tactic geniu,Female,mind easi billion agenc media hospit unit feel low black widow save day,True,6,48,80,96
Black Widow,master spi martial artist expert marksman,Female,idea produc number bad main world bar secur morn fight seem black widow save day,True,6,53,90,91
Captain America,master tactician combat strategi battlefield analysi leadership,Male,home tough deal final stand professor citi captain america save day,True,6,83,84,82
Black Widow,biochem enhanc longev red room serum slow age boost immun system,Female,sens nation fine present focu rememb method teach yeah black widow save day,False,7,54,84,90
Captain America,indomit expert tactician shield throw,Male,cost present develop creat subject risk southern employe appear bar centuri captain america save day,False,7,85,76,81
Ironman,power armor suit repulsor flight,Male,art custom recent even let war produc product ironman save day,True,8,74,96,67
Black Widow,widow bite wrist gauntlet deliv electr blast tear ga,Female,structur howev activ lose tax could black widow save day,True,6,60,88,94
Hulk,gamma radiat empow massiv leap anger,Male,nation weight involv trip fire heavi least allow news team field relationship man hulk save day,False,5,96,39,28
Ironman,nanotechnolog suit super strength flight,Male,want author threat matter test high fear approach take case custom import notic trade leader first ironman save day,True,8,73,97,68
Black Widow,widow bite wrist gauntlet deliv electr blast tear ga,Female,materi anyth music start face stock hospit group black widow save day,True,7,55,85,94
Hulk,superhuman strength anger durabl heal factor,Male,rais hope enjoy eye someth high firm morn best govern hulk save day,True,4,96,61,47
Hulk,invulner skin resist nuclear blast artilleri shell extrem temperatur,Male,parti stori moment mother necessari seri box leav babi standard type look find guy stage hulk save day,True,6,99,47,56
Spiderman,great power come great respons leap extrem distanc flip effortlessli,Male,heart agreement us stuff practic social case expert spiderman save day,True,4,51,74,98
Captain America,enhanc reflex see object slow motion dodg bullet,Male,recent pattern treat second research reflect see school week statement month particip captain america save day,True,7,89,79,82
Ironman,power armor suit repulsor flight,Male,tradit everi land chanc pass pay posit materi third look ironman save day,True,10,69,96,80
Black Widow,heal recov deep wound fractur trauma much faster normal human,Female,save societi creat paper fine food mention age black widow save day,True,7,40,90,97
Captain America,indomit expert tactician shield throw,Male,analysi ahead cup compani respons fund never condit success treat captain america save day,True,8,83,83,73
Captain America,indomit expert tactician shield throw,Male,yard natur front question wrong seriou hospit month execut captain america save day,True,7,86,82,70
Ironman,advanc durabl shell made alloy resist missil energi attack,Male,coach congress husband front citizen kitchen good ironman save day,True,8,71,100,81
Black Widow,expert marksman flawless accuraci firearm throw knive rang weapon,Female,sign discuss state must particular child black widow save day,False,5,52,89,93
Black Widow,master spi martial artist expert marksman,Female,central forc small friend impact present like wind perform civil us black widow save day,True,6,55,84,87
Ironman,geniu engin energi weapon missil launcher,Male,evid case current moment piec soon ironman save day,True,7,50,98,60
Captain America,master tactician combat strategi battlefield analysi leadership,Male,commerci data pm relationship explain continu tradit perform school captain america save day,True,8,74,79,76
Captain America,indomit expert tactician shield throw,Male,happen build bar major protect meet age event seat congress captain america save day,True,7,90,80,80
Ironman,ai assist tactic analysi hack via system like jarvi friday,Male,voic american seven discuss enough doctor protect militari social hold truth thing alway possibl ironman save day,True,8,81,100,69
Captain America,master tactician combat strategi battlefield analysi leadership,Male,whatev side seem give rememb play happi around histori interest east local tv captain america save day,True,6,85,85,66
Hulk,environment adapt surviv indefinit vacuum space deep ocean pressur,Male,discuss fact cover brother let someon scene debat past increas anim glass south defens polit real hulk save day,True,5,100,39,55
Black Widow,heal recov deep wound fractur trauma much faster normal human,Female,militari piec littl level follow probabl top black widow save day,True,8,44,91,96
Captain America,vibranium shield masteri perfect ricochet physic knowledg offens defens throw,Male,deal occur option across mention mean result els system captain america save day,True,9,93,93,79
Ironman,repulsor blast cyberpath interfac unibeam devast concentr energi blast emit chest reactor,Male,charact manag game find son less social ironman save day,True,10,64,97,67
Ironman,repulsor blast cyberpath interfac unibeam devast concentr energi blast emit chest reactor,Male,almost anyth growth current happi less howev type race drop ironman save day,True,9,75,97,77
Captain America,enhanc reflex see object slow motion dodg bullet,Male,heart take develop protect give life movement stand board captain america save day,True,8,80,83,81
Captain America,peak human abil vibranium shield,Male,inde confer pay probabl recogn believ recogn captain america save day,True,5,78,82,83
Captain America,immun fatigu metabol prevent lactic acid buildup allow endless fight,Male,cell star success color adult beyond famili movement hospit back shake qualiti child captain america save day,True,9,79,82,74
Ironman,advanc durabl shell made alloy resist missil energi attack,Male,offic north within prove full mission red believ product eat gener put stuff ironman save day,True,8,72,98,68
Ironman,geniu engin energi weapon missil launcher,Male,sign wall state tri memori number occur ironman save day,True,8,65,99,72
Ironman,repulsor blast cyberpath interfac unibeam devast concentr energi blast emit chest reactor,Male,choos rock beat scienc drug per challeng strategi explain ga sound figur ironman save day,True,9,65,95,42
Ironman,advanc durabl shell made alloy resist missil energi attack,Male,today mind red head window believ card star avoid ironman save day,True,8,71,100,58
Black Widow,master spi martial artist expert marksman,Female,life leav four question region effort section age budget improv main black widow save day,True,4,55,78,84
Black Widow,biochem enhanc longev red room serum slow age boost immun system,Female,tonight commun throughout sens inform ask partner boy black widow save day,True,4,50,90,97
Hulk,power angryinfinit strength proport anger thunder clap,Male,smile less plant team audienc throw hulk save day,True,4,97,45,50
Ironman,power armor suit repulsor flight,Male,threat high expert place certain cold space front piec occur support author class direct ironman save day,True,9,63,98,59
Hulk,environment adapt surviv indefinit vacuum space deep ocean pressur,Male,probabl centuri husband opportun big understand within ask window full organ wrong studi hulk save day,True,5,98,53,34
Captain America,went past leader ship qualiti worthi among aveng lift thor hammer,Male,treatment larg memori score relat actual serv buy door invest bag case materi captain america save day,True,3,85,81,85
Black Widow,heal recov deep wound fractur trauma much faster normal human,Female,girl small system mission vote spend black widow save day,True,5,46,87,88
Black Widow,acrobat combat tactic geniu,Female,whatev third mr respond parent writer resourc still art speech stock rise black widow save day,True,6,40,90,91
Black Widow,acrobat combat tactic geniu,Female,hold five hundr forc execut push black widow save day,True,4,57,75,92
Captain America,pound snap steel chain,Male,seriou reveal left social fine could show recent decid last next hear offic campaign wall captain america save day,True,6,92,71,84
Black Widow,expert marksman flawless accuraci firearm throw knive rang weapon,Female,truth respond tri build threat manag beauti carri everyth protect black widow save day,True,5,54,87,93
Black Widow,heal recov deep wound fractur trauma much faster normal human,Female,four best fact loss former articl scienc purpos black widow save day,True,8,65,88,99
Captain America,pound snap steel chain,Male,cold kid measur set standard soldier high take serv tv captain america save day,True,7,86,79,87
Black Widow,multilingu fluent dozen languag global undercov oper,Female,night babi gun machin discov skill discov still would understand train black widow save day,True,7,51,80,92
Hulk,gamma radiat empow massiv leap anger,Male,hundr messag right toward test discuss art affect offic network environment possibl threat hulk save day,True,4,100,54,42
Black Widow,multilingu fluent dozen languag global undercov oper,Female,threat husband famili perhap hope across follow charact talk mother presid black widow save day,True,7,58,83,89
Hulk,power angryinfinit strength proport anger thunder clap,Male,field magazin social central oper thu threat democrat standard major busi hulk save day,True,5,99,36,71
Captain America,went past leader ship qualiti worthi among aveng lift thor hammer,Male,law design stay major good captain america save day,True,8,87,73,78
Spiderman,adher surfac via static silk format,Male,compani appear score moment second live sing spiderman save day,True,3,61,76,92
Ironman,geniu engin energi weapon missil launcher,Male,consid fish speak particularli polici bit mani ironman save day,True,8,57,98,59
Captain America,master tactician combat strategi battlefield analysi leadership,Male,insid nearli son research foot share think mayb type captain america save day,True,6,80,79,74
Spiderman,regen heal recov broken bone injuri rapidli enhanc durabl,Male,presid girl condit mr road develop age spiderman save day,True,6,60,65,89
Hulk,thunderclap slam hand togeth creat shockwav deafen foe blow away target,Male,televis argu mouth record nation littl east everyon six certain hulk save day,True,6,95,24,59
Spiderman,regen heal recov broken bone injuri rapidli enhanc durabl,Male,compar militari anyon eat summer lead soon properti write spiderman save day,True,5,70,63,95
Hulk,environment adapt surviv indefinit vacuum space deep ocean pressur,Male,consum like clear level break time manag kid writer night hulk save day,True,3,98,44,63
Spiderman,,Male,materi pressur rang either start polit make collect spiderman save day,True,6,50,71,96
Captain America,went past leader ship qualiti worthi among aveng lift thor hammer,Male,speak court work key tree bodi player bag captain america save day,True,6,85,82,88
Black Widow,elit spi tactician master psycholog manipul interrog stealth hack,Female,scene four public tonight today colleg worri reveal hand add professor indic properti articl cover seven black widow save day,True,6,49,74,96
Black Widow,heal recov deep wound fractur trauma much faster normal human,Female,religi fire item usual fish success black widow save day,True,6,62,87,97
Black Widow,acrobat combat tactic geniu,Female,program paint somebodi game brother impact measur chanc manag thing cup confer law coach industri black widow save day,True,7,55,77,88
Black Widow,acrobat combat tactic geniu,Female,like clear assum fight understand kitchen point mr consum singl sever degre mayb floor black widow save day,True,3,46,74,91
Captain America,went past leader ship qualiti worthi among aveng lift thor hammer,Male,paint babi realiz local present area interest establish bit guy singl friend captain america save day,False,5,89,85,88
Spiderman,,Male,third choos senior anyon bank kitchen interest parent increas democrat mention gener book question spiderman save day,True,3,55,60,92
Hulk,gamma radiat empow massiv leap anger,Male,window sit particip teach big none medic cold hulk save day,True,2,97,27,54
Ironman,ai assist tactic analysi hack via system like jarvi friday,Male,follow wish run join polic maintain fish religi threat parti ironman save day,True,9,81,98,70
Captain America,went past leader ship qualiti worthi among aveng lift thor hammer,Male,vote major guy expert import peopl quit kid captain america save day,True,4,86,68,79
Hulk,environment adapt surviv indefinit vacuum space deep ocean pressur,Male,lawyer chair intern includ begin interest candid democrat back qualiti idea next hulk save day,True,5,100,46,31
Captain America,peak human abil vibranium shield,Male,interest meet room look middl captain america save day,True,7,80,85,76
Hulk,environment adapt surviv indefinit vacuum space deep ocean pressur,Male,dream compani realiti respons partner step feel industri newspap court worri hulk save day,True,4,94,34,51
Hulk,gamma radiat empow massiv leap anger,Male,born administr wife teacher decid possibl power job person hulk save day,True,6,97,35,53
Black Widow,acrobat combat tactic geniu,Female,statement tell young place make list seek space although ahead thu check save black widow save day,True,6,72,75,91
Ironman,advanc durabl shell made alloy resist missil energi attack,Male,six least buy tax kid dark read car practic citi usual ever pressur economi ironman save day,True,8,83,100,60
Ironman,nanotechnolog suit super strength flight,Male,involv train show prevent north citizen attack mouth rest ironman save day,True,7,65,99,54
Captain America,vibranium shield masteri perfect ricochet physic knowledg offens defens throw,Male,eye wide materi rate letter chang perhap professor field explain son captain america save day,True,5,82,85,83
Ironman,repulsor blast cyberpath interfac unibeam devast concentr energi blast emit chest reactor,Male,worri term major foot leader east among ironman save day,True,8,70,95,41
Captain America,went past leader ship qualiti worthi among aveng lift thor hammer,Male,remain present level speak job watch two econom cup suffer respons captain america save day,True,5,86,90,80
Black Widow,heal recov deep wound fractur trauma much faster normal human,Female,sea call alon issu real wrong car term truth toward great news republican black widow save day,True,5,54,94,86
Ironman,advanc durabl shell made alloy resist missil energi attack,Male,run brother tonight friend invest model enjoy window physic mani member ironman save day,True,9,88,97,58
Spiderman,adher surfac via static silk format,Male,law street class great prove reduc rais spiderman save day,True,3,62,68,89
Captain America,master tactician combat strategi battlefield analysi leadership,Male,staff perform parent invest note hear plan ask cold almost memori captain america save day,True,7,93,75,90
Captain America,enhanc strength endur martial art expert,Male,day approach truth write soon recent develop miss contain captain america save day,True,8,83,80,71
Black Widow,heal recov deep wound fractur trauma much faster normal human,Female,guy respond memori power invest buy certainli black widow save day,True,10,71,84,91
Captain America,indomit expert tactician shield throw,Male,hear million condit republican moment low listen ok point power debat thu later captain america save day,True,6,81,74,75
Captain America,master tactician combat strategi battlefield analysi leadership,Male,shoulder claim white might rock prepar us game size captain america save day,False,7,92,74,90
Hulk,power angryinfinit strength proport anger thunder clap,Male,grow benefit happen custom knowledg hold environment outsid bed hulk save day,True,1,100,25,46
Captain America,enhanc reflex see object slow motion dodg bullet,Male,interest realli includ soldier four soon presid earli industri market move mouth start captain america save day,True,6,82,76,81
Captain America,immun fatigu metabol prevent lactic acid buildup allow endless fight,Male,lay war put vote centuri data pictur especi plan popul research posit captain america save day,True,7,80,91,76
Spiderman,regen heal recov broken bone injuri rapidli enhanc durabl,Male,commerci way least readi gun join black job hundr bad second spiderman save day,True,3,74,83,93
Black Widow,master spi martial artist expert marksman,Female,reduc might whose carri time polici black widow save day,True,3,51,81,94
Captain America,enhanc strength endur martial art expert,Male,far centuri tabl tree drug still argu case captain america save day,True,6,91,76,82
Hulk,gamma radiat empow massiv leap anger,Male,research visit program suddenli doctor feder project spring caus help scene black might court hulk save day,True,5,96,31,56
Hulk,superhuman strength anger durabl heal factor,Male,fear turn indic condit public particularli realiti organ skin concern lay often use behavior feder hulk save day,True,7,100,35,65
Hulk,superhuman strength anger durabl heal factor,Male,wonder interest method imagin seven fire letter mind mani guess explain reveal hulk save day,True,5,99,23,40
Spiderman,regen heal recov broken bone injuri rapidli enhanc durabl,Male,black whether player stock religi safe whole establish space mr low room spiderman save day,True,3,47,71,98
Spiderman,superhuman agil lift car punch wall strength cling wall,Male,fight decis size parent focu kid put spiderman save day,True,5,55,64,95
Captain America,immun fatigu metabol prevent lactic acid buildup allow endless fight,Male,art actual democrat stand could bit decad captain america save day,True,6,81,86,89
Black Widow,elit spi tactician master psycholog manipul interrog stealth hack,Female,discuss pressur contain medic key fish network black widow save day,True,6,40,87,88
Ironman,geniu engin energi weapon missil launcher,Male,plan coach caus deal deal arriv go exactli much food region eye environ teach world quickli ironman save day,True,10,65,98,61
Spiderman,adher surfac via static silk format,Male,sever marriag method materi final age war measur democrat spiderman save day,True,3,56,82,92
Spiderman,intellect web shooter,Male,soon ten specif environ skin blue teach develop staff least figur somebodi spiderman save day,False,5,59,61,94
Black Widow,expert marksman flawless accuraci firearm throw knive rang weapon,Female,player third gener add cover exist treatment intern black widow save day,True,6,37,80,98
Ironman,geniu engin energi weapon missil launcher,Male,true avoid young cup posit speak begin suggest speak busi walk ironman save day,True,10,60,98,59
Hulk,environment adapt surviv indefinit vacuum space deep ocean pressur,Male,state one manag scienc differ social hulk save day,True,1,100,50,52
Captain America,peak human abil vibranium shield,Male,spend cup anyon manag anoth ever budget laugh option door captain america save day,True,4,85,69,84
Ironman,nanotechnolog suit super strength flight,Male,notic design babi foot lot major togeth reflect standard believ polit also space ironman save day,True,8,53,97,64
Ironman,repulsor blast cyberpath interfac unibeam devast concentr energi blast emit chest reactor,Male,state score import effect cultur build system democrat station ironman save day,True,8,58,100,73
Hulk,power angryinfinit strength proport anger thunder clap,Male,four threat billion seat serv polic decid custom expert mother signific provid even hulk save day,True,4,96,56,46
Captain America,went past leader ship qualiti worthi among aveng lift thor hammer,Male,unit benefit wind confer appear woman practic order wide captain america save day,True,8,78,83,87
Ironman,geniu engin energi weapon missil launcher,Male,travel forget deal catch must son televis final relat model ironman save day,True,9,67,98,69
Hulk,environment adapt surviv indefinit vacuum space deep ocean pressur,Male,cours staff person space determin woman whose alreadi manag region paper accord hulk save day,True,3,100,38,43
Hulk,environment adapt surviv indefinit vacuum space deep ocean pressur,Male,seriou amount blue soldier messag arriv budget educ properti senior site turn day hulk save day,False,6,99,43,62
Spiderman,,Male,matter case four listen lead paper middl foreign parti class wrong school spiderman save day,True,6,62,77,93
Spiderman,,Male,product hundr set alreadi educ break signific ten stay abil spiderman save day,True,7,63,66,98
Hulk,thunderclap slam hand togeth creat shockwav deafen foe blow away target,Male,administr protect class learn less hulk save day,True,4,98,31,55
Captain America,enhanc strength endur martial art expert,Male,understand wait wife health major polit open impact although tv creat captain america save day,True,6,84,87,77
Spiderman,adher surfac via static silk format,Male,rest moment shoulder statement avail win polit last quit gener sister spiderman save day,True,4,52,70,98
Black Widow,expert marksman flawless accuraci firearm throw knive rang weapon,Female,consum star memori center quit simpli cup seat moment sister none anoth black widow save day,True,8,52,91,86
Hulk,power angryinfinit strength proport anger thunder clap,Male,less nice job posit alreadi citi carri elect sound probabl compar hulk save day,True,5,99,25,22
Black Widow,elit spi tactician master psycholog manipul interrog stealth hack,Female,key elect skill employe manag dinner compani black widow save day,True,6,55,82,91
Black Widow,peak human condit espionag wrist stinger,Female,war administr inform beyond growth final black widow save day,True,5,44,82,93
Spiderman,regen heal recov broken bone injuri rapidli enhanc durabl,Male,financi add impact differ success box water posit child spiderman save day,True,6,54,78,98
Black Widow,heal recov deep wound fractur trauma much faster normal human,Female,heavi line probabl offic simpl moment food western give pay identifi black widow save day,True,6,41,88,93
Spiderman,intellect web shooter,Male,detail audienc piec director town teacher audienc draw protect democrat car number line six space spiderman save day,True,3,57,77,98
Spiderman,intellect web shooter,Male,dark mr clearli take kind quit respons major togeth knowledg argu car inde spiderman save day,True,7,55,68,94
Spiderman,,Male,mr son today major event magazin home protect someth right subject tri spiderman save day,True,3,66,83,91
Hulk,power angryinfinit strength proport anger thunder clap,Male,health run adult employe ok certainli leav realli group hulk save day,True,4,100,45,14
Ironman,power armor suit repulsor flight,Male,bad argu side girl stage indic test thank dinner present activ ironman save day,True,10,75,95,79
Spiderman,great power come great respons leap extrem distanc flip effortlessli,Male,pull caus field educ child institut help last old move type thank spiderman save day,False,4,48,68,89
Captain America,indomit expert tactician shield throw,Male,decis inform threat plant late claim feder tough captain america save day,True,6,81,90,74
Ironman,power armor suit repulsor flight,Male,clearli well mission situat result cold camera ironman save day,True,8,66,98,67
Captain America,vibranium shield masteri perfect ricochet physic knowledg offens defens throw,Male,ground offic receiv issu deal becom turn help captain america save day,True,5,76,77,80
Spiderman,great power come great respons leap extrem distanc flip effortlessli,Male,other wonder strategi fast guess remain call anim approach factor want point sell bill spiderman save day,True,5,90,78,99
Black Widow,expert marksman flawless accuraci firearm throw knive rang weapon,Female,weight page line decis form section clearli resourc listen fish confer like year black widow save day,True,8,42,87,93
Ironman,advanc durabl shell made alloy resist missil energi attack,Male,son includ good movi red enjoy expert human see garden ironman save day,False,7,67,95,50
Captain America,enhanc strength endur martial art expert,Male,modern prove els store begin top garden send clearli glass industri littl read captain america save day,True,7,83,74,80
Captain America,enhanc strength endur martial art expert,Male,lose none know clear forward choic argu realiti physic captain america save day,True,5,81,81,78
Captain America,enhanc strength endur martial art expert,Male,risk certain follow camera good captain america save day,True,4,93,78,81
Ironman,repulsor blast cyberpath interfac unibeam devast concentr energi blast emit chest reactor,Male,real far send allow sport bill test scienc ironman save day,True,9,82,99,52
Captain America,master tactician combat strategi battlefield analysi leadership,Male,listen situat billion room particularli countri talk pick chanc build captain america save day,True,6,76,79,75
Ironman,geniu engin energi weapon missil launcher,Male,dinner articl hit mission whole reach view dog feder hous take alon number might number ironman save day,True,9,73,99,70
Captain America,peak human abil vibranium shield,Male,resourc money sinc specif despit beauti gun data sure gun listen card bodi treat guess support captain america save day,True,5,88,77,73
Hulk,thunderclap slam hand togeth creat shockwav deafen foe blow away target,Male,peac televis would medic less phone decad appli hulk save day,True,5,95,52,39
Hulk,thunderclap slam hand togeth creat shockwav deafen foe blow away target,Male,alreadi center presid like truth anim red candid hulk save day,True,4,98,37,42
Black Widow,heal recov deep wound fractur trauma much faster normal human,Female,ok physic thousand without section religi word sound enjoy tonight view floor ground black widow save day,True,6,40,87,89
Black Widow,expert marksman flawless accuraci firearm throw knive rang weapon,Female,kid hear piec ahead compani blue last card black widow save day,True,5,55,80,96
Black Widow,multilingu fluent dozen languag global undercov oper,Female,reach ahead environment democrat surfac import follow push speak interest end black widow save day,True,5,52,82,86
Ironman,geniu engin energi weapon missil launcher,Male,major shake pass plant idea whole also ironman save day,True,7,66,100,71
Ironman,ai assist tactic analysi hack via system like jarvi friday,Male,career seek arriv everyon pretti reduc car ironman save day,True,8,67,98,61
Spiderman,intellect web shooter,Male,past view threat drive attack order land public analysi keep music spiderman save day,True,4,57,56,94
Hulk,environment adapt surviv indefinit vacuum space deep ocean pressur,Male,one cut notic street anyth account piec requir woman support say never fact hulk save day,True,4,96,47,47
Captain America,master tactician combat strategi battlefield analysi leadership,Male,chair center actual store indic captain america save day,True,6,88,80,87
Hulk,environment adapt surviv indefinit vacuum space deep ocean pressur,Male,career includ late condit opportun republican dark lawyer econom realiti trade someon respons box hulk save day,True,4,96,41,69
Captain America,vibranium shield masteri perfect ricochet physic knowledg offens defens throw,Male,although wrong upon intern pattern anyth imagin fill plan discuss look captain america save day,True,8,82,79,76
Hulk,superhuman strength anger durabl heal factor,Male,institut approach health laugh may stop like mother stay tonight hulk save day,True,4,98,24,36
Black Widow,elit spi tactician master psycholog manipul interrog stealth hack,Female,old view world presid allow instead custom thousand black widow save day,True,3,65,83,91
Captain America,indomit expert tactician shield throw,Male,money bill everyon part third teacher avoid throughout instead seri captain america save day,True,6,86,79,87
Spiderman,superhuman agil lift car punch wall strength cling wall,Male,mission citi health execut impact full smile posit behind question exist rich prevent spiderman save day,True,8,74,73,98
Hulk,invulner skin resist nuclear blast artilleri shell extrem temperatur,Male,standard dark wide shoulder accord strong list expert commerci entir resourc hulk save day,False,5,98,52,37
Ironman,power armor suit repulsor flight,Male,speech person three spring ahead never exactli charg today prevent ironman save day,True,10,62,100,62
Spiderman,regen heal recov broken bone injuri rapidli enhanc durabl,Male,behavior discuss night respond red inform spiderman save day,True,4,58,86,98
Black Widow,peak human condit espionag wrist stinger,Female,scientist hair allow phone weight medic even suggest black widow save day,True,7,44,82,93
Black Widow,biochem enhanc longev red room serum slow age boost immun system,Female,american studi eight phone intern collect report tend maintain fact black widow save day,True,4,56,88,98
Hulk,gamma radiat empow massiv leap anger,Male,compani teacher southern front box dinner main hulk save day,True,7,98,31,34
Spiderman,superhuman agil lift car punch wall strength cling wall,Male,determin statement travel impact caus watch fight manag best thought career law provid sea spiderman save day,True,5,64,69,100
Ironman,advanc durabl shell made alloy resist missil energi attack,Male,manag follow exist natur candid system small thu sever anim ironman save day,True,8,82,100,62
Spiderman,regen heal recov broken bone injuri rapidli enhanc durabl,Male,particularli shoulder lay though offer respons hundr challeng reach throughout team sing spiderman save day,True,3,57,80,90
Captain America,immun fatigu metabol prevent lactic acid buildup allow endless fight,Male,manag polit treat success visit bill differ stay catch year technolog right difficult captain america save day,True,6,89,89,86
Hulk,power angryinfinit strength proport anger thunder clap,Male,perform benefit babi seem societi dark product make energi ga hulk save day,True,5,99,50,83
Hulk,environment adapt surviv indefinit vacuum space deep ocean pressur,Male,attorney board sport side manag produc bed stage thought hulk save day,True,4,96,51,48
Hulk,superhuman strength anger durabl heal factor,Male,administr fund front return deep presid mission vote thank mr scientist hulk save day,True,1,96,37,38
Ironman,nanotechnolog suit super strength flight,Male,everi stori trial never attent choic fast enjoy happen point control affect ironman save day,True,8,75,100,68
Spiderman,regen heal recov broken bone injuri rapidli enhanc durabl,Male,outsid goal offici defens prevent differ spiderman save day,True,6,56,76,95
Ironman,advanc durabl shell made alloy resist missil energi attack,Male,green singl build bad manag accord tax summer firm togeth thing ever ironman save day,True,8,73,95,66
Black Widow,multilingu fluent dozen languag global undercov oper,Female,decis reduc get specif someon debat record mean stop signific elect life black widow save day,False,7,52,90,94
Hulk,gamma radiat empow massiv leap anger,Male,treat church factor kid media run posit hulk save day,True,6,97,13,52
Ironman,repulsor blast cyberpath interfac unibeam devast concentr energi blast emit chest reactor,Male,noth huge real art sport live pictur last free guess ironman save day,True,9,65,100,60
Captain America,pound snap steel chain,Male,staff mr read appear third amount answer fight enough reach social captain america save day,True,6,86,72,83
Ironman,nanotechnolog suit super strength flight,Male,develop open compar fill read camera rock hot ye whole ironman save day,True,8,82,96,79
Spiderman,superhuman agil lift car punch wall strength cling wall,Male,requir human public health tonight later easi ask network spiderman save day,True,3,64,82,98
Ironman,nanotechnolog suit super strength flight,Male,defens alreadi end thu music presid chanc hotel oper tax card may bed hair action ironman save day,True,9,70,99,57
Captain America,master tactician combat strategi battlefield analysi leadership,Male,big argu appear sure pay ten skin perhap law less per big captain america save day,True,6,85,76,78
Ironman,repulsor blast cyberpath interfac unibeam devast concentr energi blast emit chest reactor,Male,ten affect test power discuss firm term mother cost ironman save day,True,9,81,97,63
Ironman,power armor suit repulsor flight,Male,deep mean repres societi heart polici side ironman save day,True,9,70,99,64
Spiderman,adher surfac via static silk format,Male,suggest begin right coupl environment purpos owner could seven right next look thank spiderman save day,True,3,60,73,100
Black Widow,master spi martial artist expert marksman,Female,articl research els either question tax govern respons glass black widow save day,True,4,43,76,86
Black Widow,elit spi tactician master psycholog manipul interrog stealth hack,Female,financi media polit fast nice concern peac away behavior republican trip product system certainli futur govern black widow save day,True,8,64,83,87
Captain America,immun fatigu metabol prevent lactic acid buildup allow endless fight,Male,mr need compar figur exist lose four resourc cultur troubl technolog room hear captain america save day,True,8,81,72,78
Black Widow,peak human condit espionag wrist stinger,Female,mani strategi list goal peac next case attack heavi audienc back site fear black widow save day,True,7,60,80,97
Hulk,environment adapt surviv indefinit vacuum space deep ocean pressur,Male,question bring agent pay detail group part crime hulk save day,True,5,98,50,51
Black Widow,master spi martial artist expert marksman,Female,cover strong audienc white everybodi throughout scienc want charg kitchen public set action bring find black widow save day,True,8,56,83,85
Hulk,invulner skin resist nuclear blast artilleri shell extrem temperatur,Male,world task thu sort voic happen actual purpos public hulk save day,False,4,93,46,35
Black Widow,heal recov deep wound fractur trauma much faster normal human,Female,practic law box materi almost everyon still everyth particular manag televis black widow save day,False,7,58,84,89
Ironman,geniu engin energi weapon missil launcher,Male,seat draw word collect becom rememb polic though land enter econom ironman save day,True,10,64,97,49
Hulk,power angryinfinit strength proport anger thunder clap,Male,guess professor charg send instead direct soon includ import learn system gun hulk save day,True,6,100,22,53
Black Widow,master spi martial artist expert marksman,Female,tv intern back camera add mind build cultur black widow save day,True,7,50,85,92
Hulk,invulner skin resist nuclear blast artilleri shell extrem temperatur,Male,size show show news tabl page bit anyon watch sometim hulk save day,False,4,99,38,68
Captain America,enhanc strength endur martial art expert,Male,start major red tend necessari parent color water hope gener scientist whose mother organ captain america save day,True,3,83,81,73
Spiderman,superhuman agil lift car punch wall strength cling wall,Male,former someon black better develop section newspap reach determin hear leg quickli spiderman save day,True,5,61,68,97
Captain America,indomit expert tactician shield throw,Male,brother nearli great deep howev issu free kid captain america save day,True,7,82,79,79
Captain America,peak human abil vibranium shield,Male,capit whatev societi call gener add rang appear stop involv other account lose captain america save day,True,7,76,77,81
Hulk,thunderclap slam hand togeth creat shockwav deafen foe blow away target,Male,power say sell reflect send set fli hulk save day,True,6,97,51,54
Captain America,enhanc reflex see object slow motion dodg bullet,Male,toward fall move caus make fine treat paper member reach product alreadi center captain america save day,True,9,85,86,88
Hulk,environment adapt surviv indefinit vacuum space deep ocean pressur,Male,fine home shake notic make network much like hulk save day,True,3,97,34,51
Spiderman,great power come great respons leap extrem distanc flip effortlessli,Male,author coach film see notic eye buy read record spiderman save day,True,5,54,90,97
Hulk,invulner skin resist nuclear blast artilleri shell extrem temperatur,Male,thousand book half peopl half compar next attack rememb daughter wonder draw hulk save day,True,4,100,45,46
Hulk,gamma radiat empow massiv leap anger,Male,soldier wall manag doctor news grow end hulk save day,True,5,99,59,31
Black Widow,multilingu fluent dozen languag global undercov oper,Female,season develop avoid church friend law save public black widow save day,True,3,62,86,97
Captain America,master tactician combat strategi battlefield analysi leadership,Male,test well rais establish player base attorney fear republican captain america save day,True,5,97,89,83
Ironman,power armor suit repulsor flight,Male,challeng last cold deep cover amount bad rais dark state challeng organ floor road ironman save day,True,10,65,100,66
Spiderman,great power come great respons leap extrem distanc flip effortlessli,Male,avail defens enter valu thing hard citizen spiderman save day,True,3,55,81,96
Ironman,power armor suit repulsor flight,Male,hair first east develop scienc job style care run leg grow figur ironman save day,True,6,73,100,55
Hulk,thunderclap slam hand togeth creat shockwav deafen foe blow away target,Male,partner sing administr main accord confer becom prepar thought indic southern signific realiz deal polici mission hulk save day,True,3,98,39,47
Spiderman,regen heal recov broken bone injuri rapidli enhanc durabl,Male,leg rest interest discov leav choic countri allow spiderman save day,True,4,73,73,88
Ironman,power armor suit repulsor flight,Male,win group import civil natur travel read lose doctor actual becom book manag ironman save day,True,10,60,99,56
Black Widow,expert marksman flawless accuraci firearm throw knive rang weapon,Female,man offer plant north wind sister mother sometim suffer black widow save day,True,5,56,84,92
Spiderman,,Male,five feel special boy support possibl qualiti clearli worker compani civil nice spiderman save day,True,6,54,74,100
Ironman,nanotechnolog suit super strength flight,Male,age decad mr data model els low role center recogn adult profession analysi ironman save day,True,8,85,100,61
Black Widow,master spi martial artist expert marksman,Female,feel financi writer accord machin reach boy page black widow save day,True,4,60,91,94
Hulk,environment adapt surviv indefinit vacuum space deep ocean pressur,Male,strong feder right firm movi decad rate son hulk save day,True,5,97,43,46
Hulk,invulner skin resist nuclear blast artilleri shell extrem temperatur,Male,agreement share manag wife gun lose job elect rather hulk save day,False,5,98,38,48
Ironman,power armor suit repulsor flight,Male,without rather sport result sound new task cultur son ironman save day,True,7,55,100,63
Captain America,indomit expert tactician shield throw,Male,import page theori wear huge boy speak invest control earli democrat certain fire act captain america save day,True,7,87,81,78
Ironman,ai assist tactic analysi hack via system like jarvi friday,Male,far plant fear thought whole term possibl whatev action center among hour natur ironman save day,True,8,93,96,78
Captain America,immun fatigu metabol prevent lactic acid buildup allow endless fight,Male,give voic walk live probabl record beyond captain america save day,True,5,81,77,71
Spiderman,intellect web shooter,Male,ever person pass behavior polit option oil commerci person top front american tell ball spiderman save day,True,2,64,70,97
Captain America,went past leader ship qualiti worthi among aveng lift thor hammer,Male,color want record black year ahead upon forc captain america save day,True,7,90,76,85
Black Widow,peak human condit espionag wrist stinger,Female,admit market hour head nation board differ window howev discuss none poor black widow save day,True,4,51,92,94
Spiderman,,Male,four collect member box member town glass road standard spring spiderman save day,True,2,70,74,99
Ironman,nanotechnolog suit super strength flight,Male,way next newspap second short offic purpos reflect interview ironman save day,True,7,81,96,85
Spiderman,great power come great respons leap extrem distanc flip effortlessli,Male,avail ball part assum everi plan natur foot ye law paint spiderman save day,False,3,58,77,100
Hulk,superhuman strength anger durabl heal factor,Male,event seriou collect close old card social hulk save day,False,6,98,33,54
Ironman,ai assist tactic analysi hack via system like jarvi friday,Male,democrat hundr full nearli recent religi claim ironman save day,True,9,74,97,68
Ironman,advanc durabl shell made alloy resist missil energi attack,Male,window choic forc shake power poor financi join well ironman save day,True,8,74,96,70
Hulk,environment adapt surviv indefinit vacuum space deep ocean pressur,Male,carri rest place wish dark camera realiz arriv carri surfac learn commerci hulk save day,True,6,94,50,63
Spiderman,superhuman agil lift car punch wall strength cling wall,Male,respons coach know languag risk treatment past polic social arm provid imag messag seek civil spiderman save day,True,3,48,70,90
Captain America,indomit expert tactician shield throw,Male,discov american mention later happen marriag event agent kid enter captain america save day,False,6,86,82,82
Spiderman,adher surfac via static silk format,Male,daughter respond draw public feel first sell author leader spiderman save day,True,4,62,85,92
Captain America,immun fatigu metabol prevent lactic acid buildup allow endless fight,Male,magazin set easi check memori econom short ten ye easi star captain america save day,True,7,98,82,73
Spiderman,intellect web shooter,Male,food argu grow issu includ radio spiderman save day,True,8,44,73,97
Spiderman,great power come great respons leap extrem distanc flip effortlessli,Male,four old center glass whose recogn hot organ visit final heavi social spend prove stock spiderman save day,True,5,70,68,97
Ironman,power armor suit repulsor flight,Male,room wear throughout seri adult safe difficult theori ironman save day,True,8,66,97,81
Black Widow,multilingu fluent dozen languag global undercov oper,Female,west subject properti make pictur far despit black widow save day,True,6,50,85,98
Hulk,environment adapt surviv indefinit vacuum space deep ocean pressur,Male,rang much often parti tough movement action law hulk save day,True,4,97,40,63
Spiderman,great power come great respons leap extrem distanc flip effortlessli,Male,hard expert popular within bed order oil spiderman save day,True,5,64,79,90
